,STAID,STANAME,DRAIN_SQKM,HUC02,LAT_GAGE,LNG_GAGE,STATE,HCDN-2009,CLASS,AGGECOREGION
7032,9423350.0,CARUTHERS C NR IVANPAH CA,2.2,15,35.244989000000004,-115.298876,CA,yes,Ref,WestXeric
7281,10250800.0,DARWIN C NR DARWIN CA,452.6,18,36.320496,-117.523955,CA,,Non-ref,WestXeric
7282,10251300.0,"AMARGOSA RIVER AT TECOPA, CA",7995.5,18,35.848577,-116.230024,CA,,Non-ref,WestXeric
7283,10255700.0,SAN FELIPE C NR JULIAN CA,255.3,18,33.118654,-116.43529299999999,CA,,Non-ref,WestXeric
7284,10255800.0,COYOTE C NR BORREGO SPRINGS CA,391.4,18,33.373645,-116.42751399999999,CA,,Ref,WestXeric
7285,10255810.0,BORREGO PALM C NR BORREGO SPRINGS CA,56.5,18,33.278926,-116.43001399999999,CA,,Ref,WestXeric
7286,10255850.0,VALLECITO C NR JULIAN CA,102.7,18,32.986159,-116.42029299999999,CA,,Ref,WestXeric
7287,10256000.0,"Whitewater River near Whitewater, California",139.5,18,33.946681,-116.640847,CA,,Non-ref,WestXeric
7288,10256500.0,SNOW C NR WHITE WATER CA,28.0,18,33.870571999999996,-116.681127,CA,,Non-ref,WestXeric
7289,10257500.0,FALLS C NR WHITE WATER CA,11.0,18,33.869461,-116.671682,CA,,Non-ref,WestXeric
7290,10257548.0,WHITEWATER R A WINDY POINT MAIN CHANNEL CA,682.4,18,33.8989,-116.62113000000001,CA,,Non-ref,WestXeric
7291,10257550.0,WHITEWATER R A WINDY PT NR WHITEWATER CA,682.4,18,33.898905,-116.621126,CA,,Non-ref,WestXeric
7292,10257600.0,MISSION C NR DESERT HOT SPRINGS CA,92.9,18,34.011123,-116.628069,CA,,Ref,WestXeric
7293,10257720.0,CHINO CYN C BL TRAMWAY NR PALM SPRINGS CA,12.4,18,33.844184000000006,-116.60529299999999,CA,,Non-ref,WestXeric
7294,10258000.0,TAHQUITZ C NR PALM SPRINGS CA,43.7,18,33.805019,-116.559182,CA,yes,Ref,WestXeric
7295,10258500.0,PALM CYN C NR PALM SPRINGS CA,241.5,18,33.745022,-116.53557099999999,CA,yes,Ref,WestXeric
7296,10259000.0,ANDREAS C NR PALM SPRINGS CA,22.5,18,33.760021,-116.55001499999999,CA,yes,Ref,WestXeric
7297,10259100.0,WHITEWATER R A RANCHO MIRAGE CA,1349.5,18,33.74947,-116.42278999999999,CA,,Non-ref,WestXeric
7298,10259200.0,DEEP C NR PALM DESERT CA,79.1,18,33.631136,-116.392234,CA,yes,Ref,WestXeric
7299,10260470.0,LITTLE BEAR C AB LK ARROWHEAD A LAKE ARROWHEAD CA,4.2,18,34.248611,-117.2025,CA,,Non-ref,WestXeric
7300,10260480.0,WILLOW C BL LK ARROWHEAD A LAKE ARROWHEAD CA,17.5,18,34.265,-117.185556,CA,,Non-ref,WestXeric
7301,10260500.0,DEEP C NR HESPERIA CA,349.2,18,34.341114000000005,-117.228376,CA,,Non-ref,WestXeric
7302,10260865.0,GRASS VALLEY C BL GRASS VLY LK NR LK ARROWHEAD CA,6.7,18,34.263611,-117.218056,CA,,Non-ref,WestXeric
7303,10260950.0,WF MOJAVE R AB MOJAVE R FORKS RES NR HESPERIA CA,175.1,18,34.338892,-117.25782099999999,CA,,Non-ref,WestXeric
7304,10261000.0,WF MOJAVE R NR HESPERIA CA,187.3,18,34.340835999999996,-117.240876,CA,,Non-ref,WestXeric
7305,10261100.0,MOJAVE R BL FORKS RES NR HESPERIA CA,496.8,18,34.345836,-117.238099,CA,,Non-ref,WestXeric
7306,10261500.0,MOJAVE R A LO NARROWS NR VICTORVILLE CA,1355.9,18,34.573049,-117.32060200000001,CA,,Non-ref,WestXeric
7307,10263500.0,BIG ROCK C NR VALYERMO CA,59.5,18,34.420831,-117.83950700000001,CA,yes,Ref,WestXeric
7308,10264000.0,LITTLE ROCK C AB LTTLE ROCK RES NR LITTLEROCK CA,127.5,18,34.463884,-118.01895800000001,CA,,Ref,WestXeric
7309,10264600.0,OAK C NR MOJAVE CA,41.2,18,35.049969,-118.357859,CA,,Ref,WestXeric
7310,10264750.0,PINE TREE C NR MOJAVE CA,88.5,18,35.230519,-118.08618500000001,CA,,Ref,WestXeric
7311,10265150.0,HOT C A FLUME NR MAMMOTH LAKES CA,186.2,18,37.668822,-118.817631,CA,,Non-ref,WestMnts
7312,10270800.0,SF BISHOP C BL S LK NR BISHOP CA,35.2,18,37.176877000000005,-118.56316499999998,CA,,Non-ref,WestMnts
7313,10270830.0,SF BISHOP C BL SF DIV DAM NR BISHOP CA,73.2,18,37.240759999999995,-118.56539,CA,,Non-ref,WestMnts
7314,10270872.0,MF BISHOP C BL LK SABRINA NR BISHOP CA,43.8,18,37.213822,-118.61038899999998,CA,,Non-ref,WestMnts
7315,10271210.0,BISHOP C BL PP NO 6 NR BISHOP CA (ACTUAL) CA,270.3,18,37.349652,-118.46233500000001,CA,,Non-ref,WestMnts
7316,10276000.0,BIG PINE C NR BIG PINE CA,101.0,18,37.144931,-118.31538,CA,,Non-ref,WestXeric
7317,10277500.0,OWENS R NR BIG PINE CA,5385.2,18,37.015211,-118.224543,CA,,Non-ref,WestXeric
7318,10281800.0,INDEPENDENCE C BL PINYON C NR INDEPENDENCE CA,31.4,18,36.778544000000004,-118.264541,CA,,Ref,WestMnts
7319,10286000.0,COTTONWOOD C NR OLANCHA CA,103.9,18,36.438825,-118.080919,CA,,Non-ref,WestMnts
7320,10286001.0,COTTONWOOD C NR OLANCHA CA.+ PH CA,103.9,18,36.438825,-118.080919,CA,,Non-ref,WestMnts
7321,10287069.0,MILL C BL LUNDY LK NR LEE VINING CA,48.5,18,38.03298,-119.21654,CA,,Non-ref,WestXeric
7322,10287070.0,MILL C BL LUNDY LK NR MONO LK(ACTUAL) CA,48.6,18,38.032701,-119.215709,CA,,Non-ref,WestXeric
7323,10287289.0,RUSH C AT FLUME BL AGNEW LAKE NR JUNE LAKE CA,60.6,18,37.7591,-119.1307,CA,,Non-ref,WestMnts
7324,10287290.0,RUSH C BL AGNEW LK NR JUNE LAKE CA (ACTUAL) CA,60.6,18,37.75882,-119.130701,CA,,Non-ref,WestMnts
7325,10287300.0,RUSH C PP TAILRACE NR JUNE LAKE CA,63.9,18,37.76632,-119.122368,CA,,Non-ref,WestMnts
7326,10287400.0,RUSH C AB GRANT LK NR JUNE LK CA,132.9,18,37.806319,-119.109035,CA,,Non-ref,WestMnts
7327,10287655.0,LEE VINING C BL SADDLEBAG LK NR LEE VINING CA,12.1,18,37.96437,-119.27321,CA,,Non-ref,WestMnts
7328,10287720.0,GLACIER C BL TIOGA LK NR LEE VINING CA,10.5,18,37.92798,-119.25126000000002,CA,,Non-ref,WestMnts
7329,10287770.0,LEE VINING C BL RHINEDOLLAR DAM NR LEE VINING CA,46.2,18,37.936037,-119.230985,CA,,Non-ref,WestMnts
7330,10287900.0,LEE VINING C NR LEE VINING CA,85.9,18,37.92937,-119.170428,CA,,Non-ref,WestMnts
7331,10289000.0,"Virginia C nr Bridgeport, CA",173.9,16,38.191865,-119.210153,CA,,Non-ref,WestXeric
7332,10289500.0,"Green Creek near Bridgeport, CA",50.8,16,38.173809999999996,-119.23376599999999,CA,,Non-ref,WestXeric
7333,10290500.0,"Robinson C at Twin Lks Outlet nr Bridgeport, CA",101.5,16,38.172142,-119.324603,CA,,Non-ref,WestMnts
7334,10291500.0,"Buckeye C nr Bridgeport, CA",113.6,16,38.238808,-119.325992,CA,,Ref,WestMnts
7335,10292000.0,"Swauger C nr Bridgeport, CA",137.2,16,38.282696,-119.29988,CA,,Non-ref,WestXeric
7336,10293000.0,"E WALKER R NR BRIDGEPORT, CA",933.4,16,38.327696,-119.214876,CA,,Non-ref,WestXeric
7339,10295500.0,"L WALKER R NR BRIDGEPORT, CA",162.9,16,38.360748,-119.44488700000001,CA,,Ref,WestXeric
7340,10296000.0,"W WALKER R BLW L WALKER R NR COLEVILLE, CA",467.4,16,38.379637,-119.45016499999998,CA,,Non-ref,WestMnts
7341,10296500.0,"W WALKER R NR COLEVILLE, CA",632.1,16,38.513245,-119.44988700000002,CA,,Non-ref,WestMnts
7348,10308200.0,E F CARSON R BL MARKLEEVILLE C NR MARKLEEVILLECA,716.4,16,38.714627,-119.764898,CA,yes,Ref,WestMnts
7349,10308201.0,TRUCKEE-CARSON EF CARSON R BL MARKLEEVILLE CA,715.8,16,38.713794,-119.764898,CA,,Non-ref,WestMnts
7350,10308783.0,LEVIATHAN C AB MINE NR MARKLEEVILLE CA,10.8,16,38.7013,-119.65656000000001,CA,,Ref,WestXeric
7351,10308789.0,LEVIATHAN C AB ASPEN C NR MARKLEEVILLE CA,18.8,16,38.716851,-119.660173,CA,,Non-ref,WestXeric
7352,103087891.0,ASPEN C ABV LEVIATHAN MINE NR MARKLEEVILLE CA,1.5,16,38.70861,-119.64861,CA,,Ref,WestXeric
7353,10308794.0,BRYANT C BL MOUNTAINEER C NR MARKLEEVILLE CA,55.6,16,38.73574,-119.64545,CA,,Non-ref,WestXeric
7357,10310000.0,"WEST FORK CARSON RIVER AT WOODFORDS, CA",169.3,16,38.769628000000004,-119.833789,CA,,Non-ref,WestMnts
7398,10336580.0,UPPER TRUCKEE RV AT S UPPER TRUCKEE RD NR MEYERS,36.9,16,38.7963,-120.01907,CA,,Ref,WestMnts
7399,10336600.0,UP TRUCKEE R NR MEYERS CA,85.5,16,38.842963,-120.024627,CA,,Ref,WestMnts
7400,103366092.0,"UPPER TRUCKEE RV AT HWY 50 ABV MEYERS, CA",100.9,16,38.848519,-120.027128,CA,,Non-ref,WestMnts
7401,103366097.0,ANGORA CK NR MOUTH AT LAKE TAHOE GOLF COURSE,15.2,16,38.87375,-120.01,CA,,Non-ref,WestMnts
7402,10336610.0,UP TRUCKEE R A SOUTH LAKE TAHOE CA,139.6,16,38.922408000000004,-119.991571,CA,,Non-ref,WestMnts
7403,10336626.0,TAYLOR C NR CAMP RICHARDSON CA,43.4,16,38.921574,-120.061295,CA,,Non-ref,WestMnts
7404,10336645.0,GENERAL C NR MEEKS BAY CA,19.6,16,39.051852000000004,-120.118521,CA,yes,Ref,WestMnts
7405,10336660.0,BLACKWOOD C NR TAHOE CITY CA,29.8,16,39.107407,-120.162135,CA,yes,Ref,WestMnts
7406,10336674.0,WARD C BL CONFLUENCE NR TAHOE CITY CA,12.9,16,39.14074,-120.21213799999998,CA,,Ref,WestMnts
7407,10336676.0,WARD C AT HWY 89 NR TAHOE PINES CA,24.7,16,39.132129,-120.15769099999999,CA,yes,Ref,WestMnts
7416,10336770.0,"TROUT CK AT USFS RD 12N01 NR MEYERS, CA",19.1,16,38.863240999999995,-119.95823700000001,CA,,Ref,WestMnts
7417,10336775.0,"TROUT CK AT PIONEER TRAIL NR SOUTH LAKE TAHOE, CA",60.2,16,38.903394,-119.968892,CA,,Non-ref,WestMnts
7418,10336780.0,TROUT C NR TAHOE VALLEY CA,95.1,16,38.919908,-119.972404,CA,,Non-ref,WestMnts
7419,10337500.0,TRUCKEE R A TAHOE CITY CA,1312.2,16,39.166296,-120.14435900000001,CA,,Non-ref,WestMnts
7420,10338000.0,TRUCKEE R NR TRUCKEE CA,1432.2,16,39.296295,-120.205475,CA,,Non-ref,WestMnts
7421,10338001.0,TRUCKEE-CARSON TRUCKEE R NR TRUCKEE CA,1430.7,16,39.291573,-120.209364,CA,,Non-ref,WestMnts
7422,10338500.0,DONNER C A DONNER LK NR TRUCKEE CA,37.9,16,39.323516999999995,-120.234365,CA,,Non-ref,WestMnts
7423,10338700.0,DONNER C AT HWY 89 NR TRUCKEE CA,75.9,16,39.321017,-120.207976,CA,,Non-ref,WestMnts
7424,10339400.0,MARTIS C NR TRUCKEE CA,102.9,16,39.328796000000004,-120.117696,CA,,Non-ref,WestMnts
7425,10340500.0,PROSSER C BL PROSSER C DAM NR TRUCKEE CA,138.4,16,39.37324,-120.13158700000001,CA,,Non-ref,WestMnts
7426,10342000.0,LITTLE TRUCKEE R NR HOBART MILLS CA,95.0,16,39.501294,-120.277426,CA,,Non-ref,WestMnts
7427,10343000.0,INDEPENDENCE C NR TRUCKEE CA,21.4,16,39.456571999999994,-120.287148,CA,,Non-ref,WestMnts
7428,10343500.0,SAGEHEN C NR TRUCKEE CA,27.6,16,39.431571999999996,-120.23797900000001,CA,yes,Ref,WestMnts
7429,10344400.0,LITTLE TRUCKEE R AB BOCA RES NR TRUCKEE CA,377.5,16,39.435741,-120.08436599999999,CA,,Non-ref,WestMnts
7430,10344500.0,LITTLE TRUCKEE R BL BOCA DAM NR TRUCKEE CA,445.8,16,39.386852000000005,-120.095476,CA,,Non-ref,WestMnts
7431,10346000.0,TRUCKEE R A FARAD CA,2415.9,16,39.427964,-120.03408700000001,CA,,Non-ref,WestMnts
7459,10356500.0,SUSAN R A SUSANVILLE CA,469.2,18,40.417395,-120.67189599999999,CA,,Non-ref,WestMnts
7460,10358500.0,WILLOW C NR SUSANVILLE CA,237.7,18,40.489064,-120.537171,CA,,Non-ref,WestMnts
7461,10359300.0,PINE C NR SUSANVILLE CA,614.4,18,40.664894,-120.79134599999999,CA,,Ref,WestMnts
7462,10360900.0,BIDWELL C BL MILL C NR FORT BIDWELL CA,58.6,18,41.88239,-120.17495100000001,CA,,Ref,WestMnts
7475,11012000.0,COTTONWOOD C AB TECATE C NR DULZURA CA,803.8,18,32.575061,-116.75390800000001,CA,,Non-ref,WestXeric
7476,11014000.0,JAMUL C NR JAMUL CA,181.8,18,32.637557,-116.88418899999999,CA,,Non-ref,WestXeric
7477,11015000.0,SWEETWATER R NR DESCANSO CA,117.8,18,32.834773999999996,-116.623075,CA,yes,Ref,WestXeric
7478,11016200.0,SWEETWATER R A DEHESA CA,338.8,18,32.77417,-116.85028,CA,,Non-ref,WestXeric
7479,11022200.0,LOS COCHES C NR LAKESIDE CA,31.6,18,32.836162,-116.900304,CA,,Non-ref,WestXeric
7480,11022480.0,SAN DIEGO R A MAST RD NR SANTEE CA,953.6,18,32.840327,-117.02586299999999,CA,,Non-ref,WestXeric
7481,11022500.0,SAN DIEGO R NR SANTEE CA,978.3,18,32.824771000000005,-117.055586,CA,,Non-ref,WestXeric
7482,11023000.0,SAN DIEGO R A FASHION VALLEY AT SAN DIEGO CA,1111.0,18,32.76505,-117.168645,CA,,Non-ref,WestXeric
7483,11023330.0,LOS PENASQUITOS C BL POWAY C NR POWAY CA,81.1,18,32.949212,-117.07003200000001,CA,,Non-ref,WestXeric
7484,11023340.0,LOS PENASQUITOS C NR POWAY CA,109.6,18,32.943101,-117.1217,CA,,Non-ref,WestXeric
7485,11025500.0,SANTA YSABEL C NR RAMONA CA,288.7,18,33.106987,-116.86613700000001,CA,,Non-ref,WestXeric
7486,11026000.0,SANTA YSABEL C NR SAN PASQUAL CA,331.5,18,33.086153,-116.916417,CA,,Non-ref,WestXeric
7487,11027000.0,GUEJITO C NR SAN PASQUAL CA,58.2,18,33.115874,-116.953084,CA,,Non-ref,WestXeric
7488,11028500.0,SANTA MARIA C NR RAMONA CA,146.3,18,33.052265999999996,-116.94558400000001,CA,,Non-ref,WestXeric
7489,11031500.0,AGUA CALIENTE C NR WARNER SPRINGS CA,49.6,18,33.288647999999995,-116.653908,CA,,Ref,WestXeric
7490,11033000.0,WF SAN LUIS REY R NR WARNER SPRINGS CA,67.4,18,33.296704,-116.759744,CA,,Ref,WestXeric
7491,11040000.0,SAN LUIS REY R AT MONSERATE NARROWS CA,966.0,18,33.337255,-117.13614299999999,CA,,Non-ref,WestXeric
7492,11041000.0,SAN LUIS REY R NR BONSALL CA,1325.7,18,33.253646,-117.24753500000001,CA,,Non-ref,WestXeric
7493,11042000.0,SAN LUIS REY R A OCEANSIDE CA,1439.1,18,33.218090999999994,-117.360316,CA,,Non-ref,WestXeric
7494,11042400.0,TEMECULA C NR AGUANGA CA,342.2,18,33.459198,-116.92363600000002,CA,,Non-ref,WestXeric
7495,11042631.0,PECHANGA C NR TEMECULA CA,35.2,18,33.46417,-117.12388999999999,CA,,Non-ref,WestXeric
7496,11042700.0,MURRIETA C NR MURRIETA CA,79.9,18,33.55558,-117.23142,CA,,Non-ref,WestXeric
7497,11042800.0,WARM SPRINGS C NR MURRIETA CA,148.5,18,33.532249,-117.17697700000001,CA,,Non-ref,WestXeric
7498,11042900.0,SANTA GERTRUDIS C NR TEMECULA CA,227.1,18,33.52447,-117.16475,CA,,Non-ref,WestXeric
7499,11043000.0,MURRIETA C A TEMECULA CA,572.5,18,33.479751,-117.14392,CA,,Non-ref,WestXeric
7500,11044000.0,SANTA MARGARITA R NR TEMECULA CA,1519.5,18,33.473918,-117.14225400000001,CA,,Non-ref,WestXeric
7501,11044250.0,RAINBOW C NR FALLBROOK CA,26.6,18,33.40753,-117.20086699999999,CA,,Non-ref,WestXeric
7502,11044300.0,SANTA MARGARITA R A FPUD SUMP NR FALLBROOK CA,1603.5,18,33.413641,-117.241146,CA,,Non-ref,WestXeric
7503,11044350.0,SANDIA C NR FALLBROOK CA,54.4,18,33.424473,-117.249202,CA,,Non-ref,WestXeric
7504,11044500.0,"SANTA MARGARITA R NR FALLBROOK,CALIF.",1664.8,18,33.398363,-117.26309099999999,CA,,Non-ref,WestXeric
7505,11044800.0,DE LUZ C NR DE LUZ CA,85.5,18,33.419751,-117.321704,CA,,Non-ref,WestXeric
7506,11045300.0,FALLBROOK C NR FALLBROOK CA,18.3,18,33.346976,-117.317815,CA,,Non-ref,WestXeric
7507,11046000.0,SANTA MARGARITA R A YSIDORA CA,1912.2,18,33.311144,-117.34726,CA,,Non-ref,WestXeric
7508,11046090.0,LAS FLORES C A LAS PULGAS CYN NR OCEANSIDE CA,45.5,18,33.318643,-117.43781899999999,CA,,Non-ref,WestXeric
7509,11046100.0,LAS FLORES C NR OCEANSIDE CA,67.8,18,33.292255,-117.456708,CA,,Non-ref,WestXeric
7510,11046250.0,SAN ONOFRE C A SAN ONOFRE CA,109.9,18,33.383919,-117.57421299999999,CA,,Non-ref,WestXeric
7511,11046300.0,SAN MATEO C NR SAN CLEMENTE CA,209.6,18,33.470859999999995,-117.473099,CA,,Ref,WestXeric
7512,11046360.0,CRISTIANITOS C AB SAN MATEO C NR SAN CLEMENTE CA,82.5,18,33.426417,-117.570324,CA,,Non-ref,WestXeric
7513,11046500.0,SAN JUAN C NR SAN JUAN CAPISTRANO CA,272.5,18,33.518915,-117.625049,CA,,Non-ref,WestXeric
7514,11046530.0,SAN JUAN C AT LA NOVIA ST BR AT SAN JUAN CAPIS CA,283.8,18,33.502526,-117.648106,CA,,Non-ref,WestXeric
7515,11047000.0,ARROYO TRABUCO NR SAN JUAN CAPISTRANO CA,92.0,18,33.526692,-117.66977299999999,CA,,Non-ref,WestXeric
7516,11047300.0,ARROYO TRABUCO A SAN JUAN CAPISTRANO CA,139.9,18,33.49836,-117.665884,CA,,Non-ref,WestXeric
7517,11047500.0,ALISO C A EL TORO CA,22.9,18,33.626134,-117.685051,CA,,Non-ref,WestXeric
7518,11048200.0,AGUA CHINON WASH NR IRVINE CA,7.1,18,33.678909999999995,-117.714219,CA,,Non-ref,WestXeric
7519,11048500.0,SAN DIEGO C AT CULVER DR NR IRVINE CA,104.9,18,33.681687,-117.809499,CA,,Non-ref,WestXeric
7520,11048553.0,SAND CYN C A IRVINE CA,21.6,18,33.657243,-117.827555,CA,,Non-ref,WestXeric
7521,11048600.0,BONITA C A IRVINE CA,13.4,18,33.645021,-117.861167,CA,,Non-ref,WestXeric
7522,11051499.0,SANTA ANA R NR MENTONE (RIVER ONLY) CA,542.3,18,34.108345,-117.100591,CA,,Non-ref,WestXeric
7523,11051500.0,SANTA ANA R NR MENTONE CA,542.3,18,34.108345,-117.100591,CA,,Non-ref,WestXeric
7524,11054000.0,MILL C NR YUCAIPA CA,109.6,18,34.090845,-117.03753300000001,CA,,Non-ref,WestXeric
7525,11055500.0,PLUNGE C NR EAST HIGHLANDS CA,44.2,18,34.118345,-117.141704,CA,,Non-ref,WestXeric
7526,11055800.0,CITY C NR HIGHLAND CA,50.5,18,34.143899,-117.18865100000001,CA,,Non-ref,WestXeric
7527,11056500.0,LITTLE SAN GORGONIO C NR BEAUMONT CA,8.4,18,34.02918,-116.94613700000001,CA,,Non-ref,WestXeric
7528,11057000.0,SAN TIMOTEO C NR REDLANDS CA,314.2,18,34.03307,-117.208928,CA,,Non-ref,WestXeric
7529,11057500.0,SAN TIMOTEO C NR LOMA LINDA CA,329.0,18,34.063625,-117.27282,CA,,Non-ref,WestXeric
7530,11058000.0,SAND CANYON C NR HIGHLAND CA,8.2,18,34.154720000000005,-117.22667,CA,,Ref,WestXeric
7531,11058500.0,E TWIN C NR ARROWHEAD SPRINGS CA,22.9,18,34.179176,-117.265598,CA,,Non-ref,WestXeric
7532,11058600.0,WATERMAN CYN C NR ARROWHEAD SPGS CA,11.8,18,34.193342,-117.27448700000001,CA,,Ref,WestXeric
7533,11059300.0,SANTA ANA R A E ST NR SAN BERNARDINO CA,946.0,18,34.065013,-117.300321,CA,,Non-ref,WestXeric
7534,11060400.0,WARM C NR SAN BERNARDINO CA,30.9,18,34.078346,-117.300321,CA,,Non-ref,WestXeric
7535,11062000.0,LYTLE C NR FONTANA CA,119.7,18,34.21223,-117.458105,CA,,Non-ref,WestXeric
7536,11062001.0,LYTLE+BRLNE+COND+INF - W27 CA,119.7,18,34.21223,-117.458105,CA,,Non-ref,WestXeric
7537,11063000.0,CAJON C NR KEENBROOK CA,105.6,18,34.26695,-117.46005,CA,,Non-ref,WestXeric
7538,11063500.0,LONE PINE C NR KEENBROOK CA,39.4,18,34.266395,-117.463939,CA,,Non-ref,WestXeric
7539,11063510.0,CAJON C BL LONE PINE C NR KEENBROOK CA,144.5,18,34.263339,-117.466994,CA,,Non-ref,WestXeric
7540,11063680.0,DEVIL CYN C NR SAN BERNARDINO CA,14.4,18,34.208341,-117.331434,CA,,Non-ref,WestXeric
7541,11065000.0,"Lytle Creek at Colton, CA",364.7,18,34.078901,-117.305599,CA,,Non-ref,WestXeric
7542,11066460.0,SANTA ANA R A MWD CROSSING CA,2136.1,18,33.968626,-117.44838100000001,CA,,Non-ref,WestXeric
7543,11066500.0,SANTA ANA R A RIVERSIDE NAROWS NR ARLINGTON CA,2392.9,18,33.964737,-117.466159,CA,,Non-ref,WestXeric
7544,11067000.0,DAY C NR ETIWANDA CA,12.0,18,34.185008,-117.539774,CA,,Non-ref,WestXeric
7545,11069500.0,SAN JACINTO R NR SAN JACINTO,367.6,18,33.738076,-116.83391,CA,,Non-ref,WestXeric
7546,11070000.0,BAUTISTA C NR HEMET CA,112.5,18,33.694466999999996,-116.85085500000001,CA,,Non-ref,WestXeric
7547,11070210.0,SAN JACINTO R A RAMONA EXPRESSWAY NR LAKEVIEW CA,1069.2,18,33.83974,-117.13587,CA,,Non-ref,WestXeric
7548,11070365.0,SAN JACINTO R NR SUN CITY CA,1461.9,18,33.746131,-117.231703,CA,,Non-ref,WestXeric
7549,11070375.0,SAN JACINTO R A RR CYN WEIR NR ELSINORE CA,1469.0,18,33.736131,-117.25309299999999,CA,,Non-ref,WestXeric
7550,11070465.0,SALT C A MURRIETA RD NR SUN CITY CA,274.2,18,33.694188,-117.20558999999999,CA,,Non-ref,WestXeric
7551,11070500.0,SAN JACINTO R NR ELSINORE CA,1879.1,18,33.664189,-117.293927,CA,,Non-ref,WestXeric
7552,11072100.0,TEMESCAL C AB MAIN ST A CORONA CA,2520.4,18,33.889182,-117.562827,CA,,Non-ref,WestXeric
7553,11073000.0,SAN ANTONIO C NR CLAREMONT CA,43.0,18,34.215562,-117.668667,CA,,Non-ref,WestXeric
7554,11073001.0,SAN ANTONIO C NR CLAREMONT + CN CA,43.0,18,34.216117,-117.668667,CA,,Ref,WestXeric
7555,11073300.0,SAN ANTONIO C A RIVERSIDE DRIVE NR CHINO CA,83.6,18,34.018623,-117.73061200000001,CA,,Non-ref,WestXeric
7556,11073360.0,CHINO C A SCHAEFER AVENUE NR CHINO CA,132.3,18,34.003901,-117.727001,CA,,Non-ref,WestXeric
7557,11073470.0,CUCAMONGA C NR UPLAND CA,26.2,18,34.179452000000005,-117.62894299999999,CA,,Ref,WestXeric
7558,11073495.0,CUCAMONGA C NR MIRA LOMA CA,208.2,18,33.982791,-117.599497,CA,,Non-ref,WestXeric
7559,11074000.0,SANTA ANA R BL PRADO DAM CA,3726.5,18,33.883349,-117.64533,CA,,Non-ref,WestXeric
7560,11075720.0,CARBON C BL CARBON CYN DAM CA,50.4,18,33.913346999999995,-117.84255800000001,CA,,Non-ref,WestXeric
7561,11075800.0,SANTIAGO C A MODJESKA CA,34.8,18,33.712796999999995,-117.64505,CA,,Non-ref,WestXeric
7562,11077500.0,SANTIAGO C A SANTA ANA CA,240.8,18,33.770295000000004,-117.884501,CA,,Non-ref,WestXeric
7563,11078000.0,SANTA ANA R A SANTA ANA CA,6328.9,18,33.751128,-117.908391,CA,,Non-ref,WestXeric
7564,11080500.0,EF SAN GABRIEL R NR CAMP BONITA CA,219.3,18,34.235838,-117.805893,CA,,Ref,WestXeric
7565,11082000.0,WF SAN GABRIEL R A CAMP RINCON CA,265.9,18,34.241115,-117.863395,CA,,Non-ref,WestXeric
7566,11084500.0,FISH C NR DUARTE CA,15.4,18,34.16584,-117.92423000000001,CA,,Ref,WestXeric
7567,11085000.0,SAN GABRIEL R BL SANTA FE DAM NR BALDWIN PK CA,609.0,18,34.11223,-117.969509,CA,,Non-ref,WestXeric
7568,11086300.0,SAN DIMAS C BL SAN DIMAS DAM CA,42.1,18,34.152784999999994,-117.772558,CA,,Non-ref,WestXeric
7569,11086500.0,LITTLE DALTON C NR GLENDORA CA,7.2,18,34.167507,-117.838394,CA,,Ref,WestXeric
7570,11087020.0,SAN GABRIEL R AB WHITTIER NARROWS DAM CA,1130.0,18,34.033344,-118.038123,CA,,Non-ref,WestXeric
7571,11087500.0,SAN GABRIEL R A PICO CA,1145.9,18,34.013068,-118.06423400000001,CA,,Non-ref,WestXeric
7572,11088000.0,SAN GABRIEL R A SPRING ST NR LOS ALAMITOS CA,1179.6,18,33.811961,-118.090898,CA,,Non-ref,WestXeric
7573,11088500.0,BREA C BL BREA DAM NR FULLERTON CA,59.9,18,33.887792,-117.92645,CA,,Non-ref,WestXeric
7574,11089000.0,BREA C A FULLERTON CA,65.1,18,33.873626,-117.925894,CA,,Non-ref,WestXeric
7575,11089500.0,FULLERTON C BL FULLERTON DAM NR BREA CA,13.1,18,33.895848,-117.88617099999999,CA,,Non-ref,WestXeric
7576,11090200.0,FULLERTON C A RICHMAN AVE AT FULLERTON CA,28.5,18,33.862515,-117.93283799999999,CA,,Non-ref,WestXeric
7577,11092450.0,LOS ANGELES R A SEPULVEDA DAM CA,402.6,18,34.161671999999996,-118.466749,CA,,Non-ref,WestXeric
7578,11093000.0,PACOIMA C NR SAN FERNANDO CA,73.3,18,34.335277000000005,-118.398137,CA,,Non-ref,WestXeric
7579,11094000.0,TUJUNGA C BL MILL C NR COLBY RANCH CA,168.0,18,34.309166999999995,-118.14535,CA,,Ref,WestXeric
7580,11095500.0,BIG TUJUNGA C NR SUNLAND CA,274.1,18,34.300556,-118.26868799999998,CA,,Non-ref,WestXeric
7581,11096500.0,LITTLE TUJUNGA C NR SAN FERNANDO CA,55.0,18,34.274446000000005,-118.37258,CA,,Ref,WestXeric
7582,11097000.0,BIG TUJUNGA C BL HANSEN DAM CA,395.9,18,34.253614,-118.38897,CA,,Non-ref,WestXeric
7583,11097500.0,LOS ANGELES R A LOS ANGELES CA,1337.4,18,34.081122,-118.22757299999999,CA,,Non-ref,WestXeric
7584,11098000.0,ARROYO SECO NR PASADENA CA,41.6,18,34.222226,-118.177573,CA,yes,Ref,WestXeric
7585,11098500.0,LOS ANGELES R NR DOWNEY CA,1591.9,18,33.949459000000004,-118.17395900000001,CA,,Non-ref,WestXeric
7586,11100000.0,SANTA ANITA C NR SIERRA MADRE CA,25.0,18,34.191672,-118.01728899999999,CA,,Ref,WestXeric
7587,11101250.0,RIO HONDO AB WHITTIER NARROWS DAM CA,237.3,18,34.058344,-118.071735,CA,,Non-ref,WestXeric
7588,11101500.0,RIO HONDO NR MONTEBELLO CA,299.8,18,34.033345000000004,-118.073679,CA,,Non-ref,WestXeric
7589,11102000.0,MISSION C NR MONTEBELLO CA,16.4,18,34.029178,-118.06951200000002,CA,,Non-ref,WestXeric
7590,11102300.0,RIO HONDO BL WHITTIER NARROWS DAM CA,326.6,18,34.016678999999996,-118.088402,CA,,Non-ref,WestXeric
7591,11102500.0,RIO HONDO NR DOWNEY CA,344.6,18,33.946681,-118.162848,CA,,Non-ref,WestXeric
7592,11103000.0,LOS ANGELES R A LONG BEACH CA,2130.1,18,33.817239,-118.20645800000001,CA,,Non-ref,WestXeric
7593,11103500.0,BALLONA C NR CULVER CITY CA,245.2,18,33.998345,-118.4023,CA,,Non-ref,WestXeric
7594,11104000.0,TOPANGA C NR TOPANGA BCH CA,46.6,18,34.064452,-118.587028,CA,,Non-ref,WestXeric
7595,11105500.0,MALIBU C AT CRATER CAMP NR CALABASAS CA,271.7,18,34.077785,-118.701753,CA,,Non-ref,WestXeric
7596,11105510.0,MALIBU C A MALIBU CA,282.4,18,34.043333000000004,-118.68416699999999,CA,,Non-ref,WestXeric
7597,11105850.0,ARROYO SIMI NR SIMI CA,180.3,18,34.273058,-118.787871,CA,,Non-ref,WestXeric
7598,11106550.0,CALLEGUAS C NR CAMARILLO CA,647.3,18,34.17945,-119.039824,CA,,Non-ref,WestXeric
7599,11107745.0,SANTA CLARA R AB RR STATION NR LANG CA,406.0,18,34.429718,-118.35535800000001,CA,,Non-ref,WestXeric
7600,11108134.0,CASTAIC C BLW MWD DIV BLW CASTAIC LK NR CASTAIC,402.0,18,34.51944,-118.61036999999999,CA,,Non-ref,WestXeric
7601,11108145.0,CASTAIC C NR SAUGUS CA,524.3,18,34.428329,-118.628699,CA,,Non-ref,WestXeric
7602,11108500.0,SANTA CLARA RIVER AT L.A.-VENTURA CO. LINE CA,1666.9,18,34.399719,-118.70481299999999,CA,,Non-ref,WestXeric
7603,11109000.0,SANTA CLARA R NR PIRU CA,1717.7,18,34.403608,-118.739258,CA,,Non-ref,WestXeric
7604,11109395.0,CANADA DE LOS ALAMOS AB PYRAMID LK CA,160.5,18,34.69193,-118.7912,CA,,Non-ref,WestXeric
7605,11109525.0,PIRU C BL PYRAMID LK NR GORMAN CA,763.8,18,34.64165,-118.76454,CA,,Non-ref,WestXeric
7606,11109600.0,PIRU CREEK ABOVE LAKE PIRU CA,963.8,18,34.523047,-118.75703600000001,CA,,Non-ref,WestXeric
7607,11109800.0,PIRU CREEK BELOW SANTA FELICIA DAM CA,1093.3,18,34.460271999999996,-118.752036,CA,,Non-ref,WestXeric
7608,11110500.0,HOPPER CREEK NEAR PIRU CA,61.5,18,34.40083,-118.82648400000001,CA,,Non-ref,WestXeric
7609,11111500.0,SESPE CREEK NEAR WHEELER SPRINGS CA,128.5,18,34.577766,-119.25788999999999,CA,,Ref,WestXeric
7610,11113000.0,SESPE C NR FILLMORE,650.0,18,34.450828,-118.925932,CA,,Non-ref,WestXeric
7611,11113500.0,SANTA PAULA C NR SANTA PAULA,103.3,18,34.395553,-119.076494,CA,,Non-ref,WestXeric
7612,11114000.0,SANTA CLARA RIVER AT MONTALVO CA,4167.7,18,34.242227,-119.18983,CA,,Non-ref,WestXeric
7613,11114495.0,MATILIJA C NR RES NR MATILIJA HOT SPRINGS CA,124.3,18,34.502769,-119.357339,CA,,Ref,WestXeric
7614,11114500.0,MATILIJA C AB RES NR MATILIJA HOT SPRINGS CA,131.2,18,34.494714,-119.330949,CA,,Ref,WestXeric
7615,11115500.0,MATILIJA C A MATILIJA HOT SPRINGS,141.2,18,34.48277,-119.301781,CA,,Non-ref,WestXeric
7616,11116000.0,NF MATILIJA C A MATILIJA HOT SPRINGS CA,41.1,18,34.492492,-119.306503,CA,,Ref,WestXeric
7617,11116550.0,VENTURA R NR MEINERS OAKS CA,192.1,18,34.464993,-119.28983600000001,CA,,Non-ref,WestXeric
7618,11117500.0,SAN ANTONIO C A CASITAS SPRINGS,132.7,18,34.380275,-119.30455800000001,CA,,Non-ref,WestXeric
7619,11117600.0,COYOTE CREEK NEAR OAK VIEW CA,33.9,18,34.416662,-119.370672,CA,,Ref,WestXeric
7620,11117800.0,SANTA ANA C NR OAK VIEW,23.4,18,34.423606,-119.341227,CA,,Non-ref,WestXeric
7621,11118000.0,COYOTE C NR VENTURA CA,112.1,18,34.35722,-119.313725,CA,,Non-ref,WestXeric
7622,11118500.0,VENTURA R NR VENTURA,485.7,18,34.35222,-119.308447,CA,,Non-ref,WestXeric
7623,11119500.0,CARPINTERIA C NR CARPINTERIA CA,34.1,18,34.401384,-119.487066,CA,,Non-ref,WestXeric
7624,11119745.0,MISSION C A ROCKY NOOK PARK A SANTA BARBARA CA,17.0,18,34.440553,-119.711803,CA,,Non-ref,WestXeric
7625,11119750.0,MISSION C NR MISSION ST NR SANTA BARBARA CA,22.6,18,34.426389,-119.722222,CA,,Non-ref,WestXeric
7626,11119780.0,ARROYO BURRO A SANTA BARBARA CA,15.9,18,34.436941999999995,-119.746527,CA,,Non-ref,WestXeric
7627,11119940.0,MARIA YGNACIO C A UNIV DR NR GOLETA CA,16.4,18,34.444997,-119.80375,CA,,Non-ref,WestXeric
7628,11120000.0,ATASCADERO C NR GOLETA CA,49.3,18,34.424719,-119.811805,CA,,Non-ref,WestXeric
7629,11120500.0,SAN JOSE C NR GOLETA CA,14.4,18,34.459163000000004,-119.809028,CA,,Ref,WestXeric
7630,11120510.0,SAN JOSE C A GOLETA CA,21.7,18,34.430274,-119.822083,CA,,Non-ref,WestXeric
7631,11120520.0,SAN PEDRO C A GOLETA CA,9.0,18,34.448609999999995,-119.84028,CA,,Non-ref,WestXeric
7632,11120550.0,GAVIOTA C NR GAVIOTA CA,48.9,18,34.487766,-120.22709499999999,CA,,Non-ref,WestXeric
7633,11123000.0,SANTA YNEZ R BL GIBRALTAR DAM NR SNTA BRB C CA,560.1,18,34.524439,-119.687358,CA,,Non-ref,WestXeric
7634,11123500.0,SANTA YNEZ R BL LOS LAURLS CYN NR SNTA YNEZ CA,718.1,18,34.543603999999995,-119.86486299999999,CA,,Non-ref,WestXeric
7635,11124500.0,SANTA CRUZ C NR SANTA YNEZ CA,191.5,18,34.596656,-119.908752,CA,yes,Ref,WestXeric
7636,11125600.0,HILTON CYN C NR SANTA YNEZ CA,6.4,18,34.582209999999996,-119.98263999999999,CA,,Non-ref,WestXeric
7637,11126000.0,SANTA YNEZ R NR SANTA YNEZ CA,1090.2,18,34.589155,-119.988753,CA,,Non-ref,WestXeric
7638,11126500.0,SANTA AGUEDA C NR SANTA YNEZ CA,144.2,18,34.594988,-120.02958799999999,CA,,Non-ref,WestXeric
7639,11128250.0,ALAMO PINTADO C NR SOLVANG CA,73.8,18,34.618320000000004,-120.120703,CA,,Non-ref,WestXeric
7640,11128500.0,SANTA YNEZ R A SOLVANG CA,1498.0,18,34.584987,-120.144593,CA,,Non-ref,WestXeric
7641,11129800.0,ZACA C NR BUELLTON CA,85.3,18,34.648596000000005,-120.184317,CA,,Non-ref,WestXeric
7642,11130500.0,SANTA YNEZ R NR BUELLTON CA,1733.9,18,34.610541,-120.24904199999999,CA,,Non-ref,WestXeric
7643,11131500.0,SANTA YNEZ R A COOPERS REEF NR LOMPOC CA,1837.5,18,34.613318,-120.35738,CA,,Non-ref,WestXeric
7644,11132500.0,SALSIPUEDES C NR LOMPOC CA,122.1,18,34.588596,-120.40849399999999,CA,,Non-ref,WestXeric
7645,11133000.0,SANTA YNEZ R A NARROWS NR LOMPOC CA,2043.8,18,34.637761,-120.426551,CA,,Non-ref,WestXeric
7646,11134000.0,SANTA YNEZ R A H ST NR LOMPOC CA,2107.7,18,34.668316,-120.45794099999999,CA,,Non-ref,WestXeric
7647,11134500.0,SANTA YNEZ R A V STREET NR LOMPOC CA,2110.9,18,34.668316,-120.47572,CA,,Non-ref,WestXeric
7648,11134800.0,MIGUELITO C A LOMPOC CA,27.0,18,34.63165,-120.464886,CA,,Non-ref,WestXeric
7649,11135800.0,SAN ANTONIO C A LOS ALAMOS CA,90.3,18,34.743315,-120.27098899999999,CA,,Non-ref,WestXeric
7650,11136100.0,SAN ANTONIO C NR CASMALIA CA,351.9,18,34.782203,-120.530723,CA,,Non-ref,WestXeric
7651,11136800.0,CUYAMA R BL BUCKHORN CYN NR SANTA MARIA CA,2278.0,18,35.021921,-120.22848700000002,CA,,Non-ref,WestXeric
7652,11137900.0,HUASNA R NR ARROYO GRANDE CA,268.6,18,35.077754,-120.371827,CA,,Non-ref,WestXeric
7653,11138100.0,CUYAMA R BL TWITCHELL DAM CA,2918.1,18,34.944423,-120.292657,CA,,Non-ref,WestXeric
7654,11138500.0,SISQUOC R NR SISQUOC CA,728.9,18,34.839703,-120.16820600000001,CA,,Ref,WestXeric
7655,11139000.0,LA BREA C NR SISQUOC CA,242.1,18,34.852758,-120.199597,CA,,Ref,WestXeric
7656,11139500.0,TEPUSQUET C NR SISQUOC CA,74.3,18,34.872479999999996,-120.244599,CA,,Ref,WestXeric
7657,11140000.0,SISQUOC R NR GAREY,1220.5,18,34.893868,-120.306546,CA,,Non-ref,WestXeric
7658,11140585.0,SANTA MARIA R A SUEY CROSSING NR SANTA MARIA CA,4264.3,18,34.968309999999995,-120.40405,CA,,Non-ref,WestXeric
7659,11141000.0,SANTA MARIA R A GUADALUPE,4412.2,18,34.976366,-120.571836,CA,,Non-ref,WestXeric
7660,11141050.0,ORCUTT C NR ORCUTT CA,49.8,18,34.883590000000005,-120.49488799999999,CA,,Non-ref,WestXeric
7661,11141150.0,ARROYO GRANDE AB PHOENIX C NR ARROYO GRANDE CA,34.5,18,35.188586,-120.435162,CA,,Ref,WestXeric
7662,11141280.0,LOPEZ C NR ARROYO GRANDE CA,54.0,18,35.23553,-120.47238600000001,CA,yes,Ref,WestXeric
7663,11141500.0,ARROYO GRANDE AT ARROYO GRANDE CA,264.2,18,35.12442,-120.56905800000001,CA,,Non-ref,WestXeric
7664,11142500.0,ARROYO DE LA CRUZ NR SAN SIMEON CA,106.8,18,35.71719,-121.284926,CA,,Ref,WestXeric
7665,11143000.0,BIG SUR R NR BIG SUR CA,120.6,18,36.245796,-121.77328700000001,CA,yes,Ref,WestXeric
7666,11143200.0,CARMEL R A ROBLES DEL RIO CA,499.9,18,36.474406,-121.72883600000002,CA,,Non-ref,WestXeric
7667,11143250.0,CARMEL R NR CARMEL CA,637.8,18,36.539128000000005,-121.880508,CA,,Non-ref,WestXeric
7668,11143500.0,SALINAS R NR POZO CA,181.9,18,35.298584999999996,-120.40377099999999,CA,,Ref,WestXeric
7669,11144000.0,TORO C NR POZO CA,24.6,18,35.323862,-120.421272,CA,,Non-ref,WestXeric
7670,11145000.0,SALINAS R AB PILITAS C NR SANTA MARGARITA CA,294.2,18,35.348863,-120.51266399999999,CA,,Non-ref,WestXeric
7671,11147000.0,JACK C NR TEMPLETON CA,65.4,18,35.566638,-120.80378799999998,CA,,Non-ref,WestXeric
7672,11147070.0,SANTA RITA C NR TEMPLETON CA,47.0,18,35.523861,-120.76600800000001,CA,,Non-ref,WestXeric
7673,11147500.0,SALINAS R A PASO ROBLES CA,1007.3,18,35.628581,-120.68433700000001,CA,,Non-ref,WestXeric
7674,11148500.0,ESTRELLA R NR ESTRELLA CA,3483.1,18,35.717191,-120.64016799999999,CA,,Non-ref,WestXeric
7675,11148900.0,NACIMIENTO R BL SAPAQUE C NR BRYSON CA,403.5,18,35.788579,-121.093805,CA,yes,Ref,WestXeric
7676,11149400.0,NACIMIENTO R BL NACIMIENTO DAM NR BRADLEY CA,851.4,18,35.761357000000004,-120.85545800000001,CA,,Non-ref,WestXeric
7677,11149900.0,SAN ANTONIO R NR LOCKWOOD CA,556.4,18,35.896634000000006,-121.088249,CA,,Non-ref,WestXeric
7678,11150500.0,SALINAS R NR BRADLEY CA,7660.2,18,35.930243,-120.86879099999999,CA,,Non-ref,WestXeric
7679,11151300.0,SAN LORENZO C BL BITTERWATER C NR KING CITY CA,608.2,18,36.268021000000005,-121.066303,CA,yes,Ref,WestXeric
7680,11151700.0,SALINAS R A SOLEDAD CA,10324.5,18,36.411076,-121.319374,CA,,Non-ref,WestXeric
7681,11151870.0,ARROYO SECO NR GREENFIELD CA,284.5,18,36.237462,-121.481603,CA,,Ref,WestXeric
7682,11152000.0,ARROYO SECO NR SOLEDAD CA,625.1,18,36.280521,-121.32270600000001,CA,,Non-ref,WestXeric
7683,11152050.0,ARROYO SECO BL RELIZ C NR SOLEDAD CA,771.5,18,36.399687,-121.324096,CA,,Non-ref,WestXeric
7684,11152300.0,SALINAS R NR CHUALAR CA,11555.7,18,36.555517,-121.549663,CA,,Non-ref,WestXeric
7685,11152500.0,SALINAS R NR SPRECKELS CA,11842.7,18,36.631071,-121.672446,CA,,Non-ref,WestXeric
7686,11152540.0,EL TORO C NR SPRECKELS CA,82.8,18,36.583294,-121.714947,CA,,Non-ref,WestXeric
7687,11152600.0,GABILAN C NR SALINAS CA,94.8,18,36.755792,-121.610501,CA,,Non-ref,WestXeric
7688,11152900.0,CEDAR C NR BELL STATION CA,33.1,18,37.049945,-121.327431,CA,,Ref,WestXeric
7689,11153000.0,PACHECO C NR DUNNEVILLE CA,375.4,18,36.979948,-121.38021100000002,CA,,Non-ref,WestXeric
7690,11153470.0,LLAGAS C AB CHESBRO RES NR MORGAN HILL CA,25.0,18,37.14828,-121.76828,CA,,Ref,WestXeric
7691,11153500.0,LLAGAS C NR MORGAN HILL CA,50.8,18,37.114391,-121.690503,CA,,Non-ref,WestXeric
7692,11153650.0,LLAGAS C NR GILROY,221.0,18,36.987449,-121.527162,CA,,Non-ref,WestXeric
7693,11153700.0,PAJARO R NR GILROY CA,1069.1,18,36.948284,-121.51188400000001,CA,,Non-ref,WestXeric
7694,11153900.0,UVAS C AB UVAS RES NR MORGAN HILL CA,54.4,18,37.092725,-121.718282,CA,,Ref,WestXeric
7695,11154100.0,BODFISH C NR GILROY CA,26.4,18,37.004115999999996,-121.667169,CA,,Ref,WestXeric
7696,11154200.0,UVAS C NR GILROY CA,179.8,18,36.992171,-121.573553,CA,,Non-ref,WestXeric
7697,11154700.0,CLEAR C NR IDRIA CA,36.8,18,36.364683,-120.75628700000001,CA,,Ref,WestXeric
7698,11156500.0,SAN BENITO R NR WILLOW CREEK SCHOOL CA,644.3,18,36.609406,-121.20298000000001,CA,,Non-ref,WestXeric
7699,11157500.0,TRES PINOS C NR TRES PINOS CA,540.1,18,36.764681,-121.296875,CA,,Non-ref,WestXeric
7700,11158500.0,SAN BENITO R NR HOLLISTER CA,1517.9,18,36.788013,-121.370768,CA,,Non-ref,WestXeric
7701,11158600.0,SAN BENITO R A HWY 156 NR HOLLISTER CA,1568.1,18,36.851898999999996,-121.42993700000001,CA,,Non-ref,WestXeric
7702,11159000.0,PAJARO R A CHITTENDEN CA,3072.4,18,36.900231,-121.59772099999999,CA,,Non-ref,WestXeric
7703,11159200.0,CORRALITOS C A FREEDOM CA,71.0,18,36.939397,-121.77050600000001,CA,,Non-ref,WestMnts
7704,11160000.0,SOQUEL C A SOQUEL CA,104.4,18,36.991339,-121.955793,CA,,Non-ref,WestMnts
7705,11160020.0,SAN LORENZO R NR BOULDER C CA,15.8,18,37.206610999999995,-122.14496399999999,CA,,Ref,WestMnts
7706,11160300.0,ZAYANTE C A ZAYANTE CA,28.7,18,37.086059000000006,-122.046907,CA,,Ref,WestMnts
7707,11160500.0,SAN LORENZO R A BIG TREES CA,275.8,18,37.044393,-122.072464,CA,,Non-ref,WestMnts
7708,11161000.0,SAN LORENZO R A SANTA CRUZ CA,298.3,18,36.990783,-122.031908,CA,,Non-ref,WestMnts
7709,11161300.0,CARBONERA C A SCOTTS VALLEY CA,9.5,18,37.050504,-122.013573,CA,,Non-ref,WestMnts
7710,11162500.0,PESCADERO C NR PESCADERO CA,118.9,18,37.260777000000004,-122.32886,CA,yes,Ref,WestMnts
7711,11162570.0,SAN GREGORIO C A SAN GREGORIO CA,132.0,18,37.325776,-122.38663999999999,CA,,Ref,WestMnts
7712,11162620.0,PILARCITOS C BL STONE DAM NR HILLSBOROUGH CA,17.3,18,37.524661,-122.399418,CA,,Non-ref,WestMnts
7713,11162630.0,PILARCITOS C A HALF MOON BAY CA,69.8,18,37.466607,-122.434142,CA,,Non-ref,WestMnts
7714,11162720.0,COLMA C A SOUTH SAN FRANCISCO CA,28.5,18,37.653822999999996,-122.42636100000001,CA,,Non-ref,WestXeric
7715,11162753.0,SAN MATEO C BL LO CRYSTAL SP RES NR SAN MATEO CA,74.8,18,37.52944,-122.35833000000001,CA,,Non-ref,WestMnts
7716,11162800.0,REDWOOD C A REDWOOD CITY CA,4.6,18,37.449383000000005,-122.233577,CA,,Non-ref,WestMnts
7717,11164500.0,SAN FRANCISQUITO C A STANFORD UNIVERSITY CA,97.7,18,37.423272999999995,-122.18941000000001,CA,,Non-ref,WestMnts
7718,11166000.0,MATADERO C A PALO ALTO CA,16.5,18,37.421606,-122.13551899999999,CA,,Non-ref,WestXeric
7719,11167800.0,GUADALUPE R AB ALMADEN EXPRESSWAY A SAN JOSE CA,164.4,18,37.28078,-121.87968000000001,CA,,Non-ref,WestXeric
7720,11169000.0,GUADALUPE R A SAN JOSE CA,323.3,18,37.334386,-121.8994,CA,,Non-ref,WestXeric
7721,11169025.0,GUADALUPE R ABV HWY 101 A SAN JOSE CA,445.3,18,37.37383,-121.93301299999999,CA,,Non-ref,WestXeric
7722,11169500.0,SARATOGA C A SARATOGA CA,22.9,18,37.254388,-122.039404,CA,,Non-ref,WestMnts
7723,11169800.0,COYOTE C NR GILROY CA,282.9,18,37.077723,-121.49438300000001,CA,,Ref,WestXeric
7724,11170000.0,COYOTE C NR MADRONE CA,506.8,18,37.168278,-121.64966799999999,CA,,Non-ref,WestXeric
7725,11172100.0,UP PENITENCIA C A SAN JOSE CA,57.1,18,37.395216999999995,-121.82828700000002,CA,,Non-ref,WestXeric
7726,11172175.0,COYOTE C AB HWY 237 A MILPITAS CA,814.0,18,37.422162,-121.927458,CA,,Non-ref,WestXeric
7727,11172945.0,ALAMEDA C AB DIV DAM NR SUNOL CA,87.1,18,37.497436,-121.773564,CA,,Ref,WestXeric
7728,11173200.0,ARROYO HONDO NR SAN JOSE CA,199.1,18,37.461603000000004,-121.769397,CA,,Ref,WestXeric
7729,11173500.0,CALAVERAS C NR SUNOL CA,255.2,18,37.497714,-121.817733,CA,,Non-ref,WestXeric
7730,11173510.0,ALAMEDA C BL CALAVERAS C NR SUNOL CA,360.7,18,37.503547,-121.82467700000001,CA,,Non-ref,WestXeric
7731,11173575.0,ALAMEDA C BL WELCH C NR SUNOL CA,385.4,18,37.540490999999996,-121.85634499999999,CA,,Non-ref,WestXeric
7732,11174000.0,SAN ANTONIO C NR SUNOL CA,101.3,18,37.577434000000004,-121.85773400000001,CA,,Non-ref,WestXeric
7733,11176000.0,ARROYO MOCHO NR LIVERMORE CA,98.4,18,37.62632,-121.704673,CA,,Non-ref,WestXeric
7734,11176200.0,ARROYO MOCHO NR PLEASANTON CA,365.5,18,37.690486,-121.87329,CA,,Non-ref,WestXeric
7735,11176400.0,ARROYO VALLE BL LANG CN NR LIVERMORE CA,338.6,18,37.561322,-121.68383899999999,CA,yes,Ref,WestXeric
7736,11176500.0,ARROYO VALLE NR LIVERMORE CA,381.6,18,37.623265,-121.75884199999999,CA,,Non-ref,WestXeric
7737,11176600.0,ARROYO VALLE A PLEASANTON CA,444.0,18,37.667153000000006,-121.88273500000001,CA,,Non-ref,WestXeric
7738,11176900.0,ARROYO DE LA LAGUNA A VERONA CA,1044.6,18,37.626599,-121.88301299999999,CA,,Non-ref,WestXeric
7739,11177000.0,ARROYO DE LA LAGUNA NR PLEASANTON CA,1046.9,18,37.615210999999995,-121.881624,CA,,Non-ref,WestXeric
7740,11179000.0,ALAMEDA C NR NILES CA,1638.6,18,37.587157,-121.960793,CA,,Non-ref,WestXeric
7741,11180500.0,DRY C A UNION CITY CA,24.3,18,37.606045,-122.02385,CA,yes,Ref,WestXeric
7742,11180700.0,ALAMEDA C FLOOD CHANNEL A UNION CITY CA,1694.8,18,37.585768,-122.048296,CA,,Non-ref,WestXeric
7743,11180825.0,SAN LORENZO C AB DON CASTRO RES NR CASTRO V CA,46.5,18,37.695208,-122.04496200000001,CA,,Non-ref,WestXeric
7744,11180900.0,CROW C NR HAYWARD CA,27.2,18,37.70493,-122.043851,CA,,Non-ref,WestXeric
7745,11180960.0,CULL C AB CULL C RES NR CASTRO VALLEY CA,15.1,18,37.717707,-122.05440700000001,CA,yes,Ref,WestXeric
7746,11181000.0,SAN LORENZO C A HAYWARD CA,98.0,18,37.685486,-122.064407,CA,,Non-ref,WestXeric
7747,11181008.0,CASTRO VALLEY C A HAYWARD CA,14.3,18,37.679930999999996,-122.080519,CA,,Non-ref,WestXeric
7748,11181040.0,SAN LORENZO C A SAN LORENZO CA,121.4,18,37.684098,-122.13996499999999,CA,,Non-ref,WestXeric
7749,11181390.0,WILDCAT C A VALE RD AT RICHMOND CA,20.3,18,37.953257,-122.33830400000001,CA,,Non-ref,WestXeric
7750,11182100.0,PINOLE C A PINOLE CA,26.0,18,37.972423,-122.246357,CA,,Ref,WestXeric
7751,11182500.0,SAN RAMON C A SAN RAMON CA,15.7,18,37.772983,-121.99468200000001,CA,,Non-ref,WestXeric
7752,11183000.0,SAN RAMON C AT WALNUT CREEK CA,133.0,18,37.884369,-122.051074,CA,,Non-ref,WestXeric
7753,11183600.0,WALNUT C A CONCORD CA,217.9,18,37.945201000000004,-122.04968500000001,CA,,Non-ref,WestXeric
7754,11186000.0,KERN R NR KERNVILLE(RIVER ONLY) CA,2190.5,18,35.945226,-118.47758600000002,CA,,Non-ref,WestMnts
7755,11187000.0,KERN R A KERNVILLE CA,2663.1,18,35.754395,-118.423418,CA,,Non-ref,WestMnts
7756,11189500.0,SF KERN R NR ONYX CALIF,1371.2,18,35.737452000000005,-118.173689,CA,,Non-ref,WestMnts
7757,11191000.0,KERN R BL ISABELLA DAM CA,5374.4,18,35.639119,-118.484808,CA,,Non-ref,WestMnts
7758,11192500.0,KERN R NR DEMOCRAT SPRINGS(RIVER ONLY) CA,5849.3,18,35.520789,-118.67703300000001,CA,,Non-ref,WestMnts
7759,11192950.0,KERN R BL KERN CYN PH DIV DAM NR BAKERSFIELD CA,5953.5,18,35.460229999999996,-118.77954,CA,,Non-ref,WestMnts
7760,11193020.0,KERN R A RIO BRAVO PP DIV DAM NR BKRSFLD CA,5982.1,18,35.430240000000005,-118.82258999999999,CA,,Non-ref,WestMnts
7761,11194000.0,KERN R NR BAKERSFIELD CA,6220.9,18,35.431624,-118.94620900000001,CA,,Non-ref,WestMnts
7762,11195500.0,SAN EMIGDIO C A SAN EMIGDIO RANCHHOUSE CA,127.1,18,34.981637,-119.18511000000001,CA,,Ref,WestXeric
7763,11196400.0,CALIENTE C AB TEHACHAPI C NR CALIENTE CA,424.9,18,35.311347999999995,-118.57036699999999,CA,,Ref,WestXeric
7764,11196420.0,TEHACHAPI C NR TEHACHAPI CA,138.9,18,35.173853,-118.47953100000001,CA,,Non-ref,WestXeric
7765,11197250.0,AVENAL C NR AVENAL CA,148.6,18,35.854127000000005,-120.12708500000001,CA,,Ref,WestXeric
7766,11197800.0,POSO C NR OILDALE CA,593.8,18,35.513844,-118.905651,CA,,Non-ref,WestXeric
7767,11199500.0,WHITE R NR DUCOR CA,239.9,18,35.814675,-118.92926299999999,CA,,Ref,WestXeric
7768,11200800.0,DEER C NR FOUNTAIN SPRINGS CA,214.7,18,35.941617,-118.82287,CA,,Non-ref,WestMnts
7769,11201456.0,NF OF MF TULE R BL DIV DAM NR SPRINGVILLE CA,80.1,18,36.19245,-118.65786999999999,CA,,Non-ref,WestMnts
7770,11202000.0,NF OF MF TULE R NR SPRINGVILLE(RIVER ONLY CA,101.6,18,36.174669,-118.695647,CA,,Non-ref,WestMnts
7771,11202710.0,MF TULE R BL INTAKE AB SPRINGVILLE CA,222.8,18,36.16134,-118.70953999999999,CA,,Non-ref,WestMnts
7772,11203220.0,TULE R A HWY 190 NR SPRINGVILLE CA,641.0,18,36.100505,-118.86953999999999,CA,,Non-ref,WestXeric
7773,11203580.0,SF TULE R NR CHOLOLLO CAMPGROUND NR PORTERVILLE CA,51.9,18,36.048281,-118.654256,CA,,Ref,WestMnts
7774,11204100.0,SF TULE R NR RESERVATION BNDRY NR PORTERVILLE CA,249.1,18,36.024116,-118.813426,CA,,Ref,WestXeric
7775,11204500.0,SF TULE R NR SUCCESS CA,284.9,18,36.04245,-118.85759499999999,CA,,Non-ref,WestXeric
7776,11204900.0,TULE R BL SUCCESS DAM CA,1015.9,18,36.056340000000006,-118.923709,CA,,Non-ref,WestXeric
7777,11206500.0,MF KAWEAH R NR POTWISHA CAMP(RIVER ONLY) CA,266.0,18,36.513001,-118.79176499999998,CA,,Non-ref,WestMnts
7778,11206800.0,MARBLE FORK KAWEAH R AB TOKOPAH FALLS NR KAWEAH CA,19.9,18,36.608554,-118.688709,CA,,Ref,WestMnts
7779,11208000.0,MARBLE F KAWEAH R (R ONLY) A POTWISHA CAMP CA,134.2,18,36.52189,-118.79926499999999,CA,,Non-ref,WestMnts
7780,11208600.0,KAWEAH R BL CONDUIT NO. 2 NR HAMMOND CA,428.0,18,36.484390000000005,-118.83593,CA,,Non-ref,WestMnts
7781,11208730.0,EF KAWEAH R NR THREE RIVERS CA,222.8,18,36.451612,-118.78926399999999,CA,,Non-ref,WestMnts
7782,11209900.0,KAWEAH R A THREE RIVERS CA,1085.5,18,36.443836,-118.903433,CA,,Non-ref,WestMnts
7783,11210100.0,SF KAWEAH R A THREE RIVERS CA,230.6,18,36.416614,-118.914267,CA,,Non-ref,WestXeric
7784,11210950.0,KAWEAH R BL TERMINUS DAM CA,1453.3,18,36.414116,-119.012603,CA,,Non-ref,WestMnts
7785,11211300.0,DRY C NR LEMONCOVE CA,197.3,18,36.447449,-119.028159,CA,,Non-ref,WestXeric
7786,11213500.0,KINGS R AB NF NR TRIMMER CA,2463.4,18,36.863281,-119.12428200000001,CA,,Ref,WestMnts
7787,11214000.0,NF KINGS R BL MEADOWBROOK CA,97.7,18,37.08133,-118.86288799999998,CA,,Ref,WestMnts
7788,11214600.0,HELMS C BL COURTRIGHT DAM CA,102.3,18,37.076333,-118.968723,CA,,Non-ref,WestMnts
7789,11215000.0,NF KINGS R NR CLIFF CAMP CALIF,469.7,18,36.993834,-118.981223,CA,,Non-ref,WestMnts
7790,11216200.0,NF KINGS R BL BALCH DIV DAM CA,618.2,18,36.902724,-119.050946,CA,,Non-ref,WestMnts
7791,11216400.0,DINKEY C SIPHON FISH RELEASE A BALCH CAMP CA,341.1,18,36.908003,-119.12511599999999,CA,,Non-ref,WestMnts
7792,11216500.0,NF KINGS R AB DINKEY C A BALCH CAMP CA,649.4,18,36.90328,-119.121505,CA,,Non-ref,WestMnts
7793,11218400.0,NF KINGS R BL DINKEY C NR BALCH CAMP CA,1001.0,18,36.879669,-119.128727,CA,,Non-ref,WestMnts
7794,11218500.0,KINGS R BL NF NR TRIMMER CA,3474.6,18,36.87467,-119.141783,CA,,Non-ref,WestMnts
7795,11220000.0,BIG C AB PINE FLAT RES NR TRIMMER CA,181.1,18,36.916337,-119.244565,CA,,Ref,WestMnts
7796,11220500.0,SYCAMORE C AB PINE FLAT RES NR TRIMMER CA,145.5,18,36.920226,-119.309846,CA,,Ref,WestXeric
7797,11221500.0,KINGS R BL PINE FLAT DAM CA,4002.1,18,36.830505,-119.33623500000002,CA,,Non-ref,WestMnts
7798,11221700.0,MILL C NR PIEDRA CA,328.0,18,36.81856,-119.34178999999999,CA,,Non-ref,WestXeric
7799,11224500.0,LOS GATOS C AB NUNEZ CYN NR COALINGA CA,247.4,18,36.214677,-120.470712,CA,yes,Ref,WestXeric
7800,11226500.0,SAN JOAQUIN R A MILLER CROSSING CA,650.2,18,37.510496999999994,-119.197348,CA,,Ref,WestMnts
7801,11230000.0,SF SAN JOAQUIN R NR FLORENCE LK CA,445.2,18,37.273276,-118.965949,CA,,Non-ref,WestMnts
7802,11230200.0,HOOPER C BL DIV DAM NR FLORENCE LAKE CA,16.6,18,37.305775,-118.950672,CA,,Non-ref,WestMnts
7803,11230215.0,SF SAN JOAQUIN R BL HOOPER C NR FLORENCE LAKE CA,480.1,18,37.309664,-118.962061,CA,,Non-ref,WestMnts
7804,11230500.0,BEAR C NR LAKE THOMAS A EDISON CA,135.5,18,37.339386,-118.973451,CA,yes,Ref,WestMnts
7805,11230530.0,BEAR C BELOW DIV DAM NR LAKE THOMAS A EDISON CA,137.3,18,37.335498,-118.975673,CA,,Non-ref,WestMnts
7806,11231500.0,MONO C BL LK THOMAS A EDISON CA,235.7,18,37.361331,-118.99206299999999,CA,,Non-ref,WestMnts
7807,11231600.0,MONO C BL DIV DAM NR MONO HOT SPRINGS CA,236.4,18,37.359942,-118.998452,CA,,Non-ref,WestMnts
7808,11234760.0,SAN JOAQUIN R AB SHAKEFLAT C NR BIG CREEK CA,2600.9,18,37.316611,-119.329573,CA,,Non-ref,WestMnts
7809,11237000.0,BIG C BL HUNTINGTON LK CA,187.1,18,37.221334000000006,-119.212622,CA,,Non-ref,WestMnts
7810,11237500.0,PITMAN C BL TAMARACK C CA,59.8,18,37.198557,-119.213733,CA,yes,Ref,WestMnts
7811,11237700.0,PITMAN C NR TAMARACK MOUNTAIN CA,60.0,18,37.199112,-119.215122,CA,,Non-ref,WestMnts
7812,11238500.0,BIG C NR MOUTH NR BIG CREEK CA,339.0,18,37.207724,-119.321238,CA,,Non-ref,WestMnts
7813,11238600.0,SAN JOAQUIN R AB STEVENSON C NR BIG CREEK CA,3098.2,18,37.207724,-119.330127,CA,,Non-ref,WestMnts
7814,11239300.0,NF STEVENSON C A PERIMETER RD NR BIG C CA,11.7,18,37.13689,-119.25457,CA,,Non-ref,WestMnts
7815,11241500.0,STEVENSON C A SHAVER LK CA,76.3,18,37.144669,-119.30845900000001,CA,,Non-ref,WestMnts
7816,11242000.0,SAN JOAQUIN R AB WILLOW C NR AUBERRY CA,3358.4,18,37.144391999999996,-119.454577,CA,,Non-ref,WestMnts
7817,11242400.0,NF WILLOW C NR SUGAR PINE CA,43.1,18,37.39772,-119.56625600000001,CA,,Non-ref,WestMnts
7818,11244000.0,NF WILLOW C NR BASS LAKE CA,132.1,18,37.288834,-119.53013899999999,CA,,Non-ref,WestMnts
7819,11246500.0,WILLOW C A MOUTH NR AUBERRY CA,335.4,18,37.150781,-119.46041100000001,CA,,Non-ref,WestMnts
7820,11246700.0,SAN JOAQUIN R NR AUBERRY CA,3785.4,18,37.132171,-119.531526,CA,,Non-ref,WestMnts
7821,11247000.0,SAN JOAQUIN R BL KERCKHOFF PH NR PRATHER CA,3837.6,18,37.079116,-119.560971,CA,,Non-ref,WestMnts
7822,11251000.0,SAN JOAQUIN R BL FRIANT CA,4344.8,18,36.984394,-119.72431200000001,CA,,Non-ref,WestMnts
7823,11253310.0,CANTUA C NR CANTUA CREEK CA,120.4,18,36.402174,-120.43349199999999,CA,yes,Ref,WestXeric
7824,11255575.0,PANOCHE C A I-5 NR SILVER CREEK CA,772.2,18,36.652451,-120.63211899999999,CA,,Non-ref,WestXeric
7825,11257100.0,MIAMI C NR OAKHURST CA,27.3,18,37.393553000000004,-119.65431799999999,CA,,Ref,WestMnts
7826,11257500.0,FRESNO R NR KNOWLES CA,345.8,18,37.237169,-119.774876,CA,,Non-ref,WestMnts
7827,11258000.0,FRESNO R BL HIDDEN DAM NR DAULTON CA,697.7,18,37.097446999999995,-119.889601,CA,,Non-ref,WestXeric
7828,11258900.0,WF CHOWCHILLA R NR MARIPOSA CA,87.2,18,37.420496,-119.87461,CA,,Non-ref,WestXeric
7829,11259000.0,CHOWCHILLA R BL BUCHANAN DAM NR RAYMOND CA,608.8,18,37.215501,-119.991276,CA,,Non-ref,WestXeric
7830,11260480.0,MARIPOSA C NR CATHEYS VALLEY CA,170.6,18,37.398829,-120.00378300000001,CA,,Non-ref,WestXeric
7831,11261500.0,SAN JOAQUIN R A FREMONT FORD BRIDGE CA,21971.8,18,37.309939,-120.93103700000002,CA,,Non-ref,WestXeric
7832,11264500.0,MERCED R A HAPPY ISLES BRIDGE NR YOSEMITE CA,468.0,18,37.731593,-119.558774,CA,yes,Ref,WestMnts
7833,11266500.0,MERCED R A POHONO BRIDGE NR YOSEMITE CA,833.1,18,37.716871000000005,-119.666279,CA,yes,Ref,WestMnts
7834,11268000.0,SF MERCED R NR EL PORTAL CA,622.9,18,37.65132,-119.885453,CA,,Non-ref,WestMnts
7835,11268001.0,RESULTANT OF COMBINING 11-2665 + 11-2680 CA,622.9,18,37.65132,-119.885453,CA,,Non-ref,WestMnts
7836,11269300.0,MAXWELL C A COULTERVILLE CA,44.3,18,37.716041,-120.18991000000001,CA,,Ref,WestXeric
7837,11269700.0,EXCHEQUER PH A EXCHEQUER CA,2685.9,18,37.583546000000005,-120.27574399999999,CA,,Non-ref,WestMnts
7838,11270900.0,MERCED R BL MERCED FALLS DAM NR SNELL CA,2749.3,18,37.521603000000006,-120.33241100000001,CA,,Non-ref,WestMnts
7839,11271320.0,DRY C NR SNELLING CA,175.1,18,37.554935,-120.46325,CA,,Non-ref,WestXeric
7840,11272500.0,MERCED R NR STEVINSON CA,3311.8,18,37.37077,-120.93048300000001,CA,,Non-ref,WestMnts
7841,11274000.0,SAN JOAQUIN R NR NEWMAN CA,29064.8,18,37.350493,-120.97715,CA,,Non-ref,WestXeric
7842,11274500.0,ORESTIMBA C NR NEWMAN CA,347.8,18,37.315492,-121.125208,CA,yes,Ref,WestXeric
7843,11274538.0,ORESTIMBA CR AT RIVER RD NR CROWS LANDING CA,469.4,18,37.41355,-121.01603999999999,CA,,Non-ref,WestXeric
7844,11274550.0,SAN JOAQUIN R NR CROWS LANDING CA,30039.7,18,37.43188,-121.01382,CA,,Non-ref,WestXeric
7845,11274630.0,DEL PUERTO C NR PATTERSON CA,187.4,18,37.486599,-121.209103,CA,yes,Ref,WestXeric
7846,11274790.0,TUOLUMNE R A GRAND CYN OF TUOLUMNE AB HETCH HETCHY,775.6,18,37.916588,-119.659894,CA,,Ref,WestMnts
7847,11275000.0,FALLS C NR HETCH HETCHY CA,114.7,18,37.970754,-119.764343,CA,,Ref,WestMnts
7848,11276500.0,TUOLUMNE R NR HETCH HETCHY CA,1179.1,18,37.937421,-119.79823300000001,CA,,Non-ref,WestMnts
7849,11276600.0,TUOLUMNE R AB EARLY INTAKE NR MATHER CA,1248.7,18,37.879368,-119.947126,CA,,Non-ref,WestMnts
7850,11276900.0,TUOLUMNE R BL EARLY INTAKE NR MATHER CA,1255.1,18,37.881591,-119.97018200000001,CA,,Non-ref,WestMnts
7851,11277300.0,CHERRY C BL VALLEY DAM NR HETCH HETCHY CA,305.2,18,37.967698999999996,-119.91740300000001,CA,,Non-ref,WestMnts
7852,11278000.0,ELEANOR C NR HETCH HETCHY CA,207.7,18,37.969088,-119.882124,CA,,Non-ref,WestMnts
7853,11278300.0,CHERRY C NR EARLY INTAKE CA,591.7,18,37.894368,-119.962682,CA,,Non-ref,WestMnts
7854,11278400.0,"CHERRY C BL DION R HOLM PH, NR MATHER CA",610.5,18,37.890202,-119.96990500000001,CA,,Non-ref,WestMnts
7855,11281000.0,SF TUOLUMNE R NR OAKLAND RECREATION CAMP CA,225.2,18,37.821593,-120.01296200000002,CA,,Ref,WestMnts
7856,11282000.0,M TUOLUMNE R A OAKLAND RECREATION CAMP CA,187.3,18,37.828259,-120.011573,CA,,Ref,WestMnts
7857,11283500.0,CLAVEY R NR BUCK MEADOWS CA,375.7,18,37.90048,-120.071852,CA,,Ref,WestMnts
7858,11284400.0,BIG C AB WHITES GULCH NR GROVELAND CA,41.7,18,37.841871000000005,-120.18491000000002,CA,yes,Ref,WestMnts
7859,11284700.0,NF TUOLUMNE R NR LONG BARN CA,58.8,18,38.098809,-120.099631,CA,,Non-ref,WestMnts
7860,11288000.0,TUOLUMNE R AB LA GRANGE DAM NR LA GRANGE CA,3966.5,18,37.709098,-120.41325,CA,,Non-ref,WestMnts
7861,11289650.0,TUOLUMNE R BL LAGRANGE DAM NR LAGRANGE CA,3983.7,18,37.666321,-120.44213899999998,CA,,Non-ref,WestMnts
7862,11290000.0,TUOLUMNE R A MODESTO CA,4759.9,18,37.626875,-120.98798899999998,CA,,Non-ref,WestMnts
7863,11292000.0,MF STANISLAUS R AT KENNEDY MDWS NR DARDANELLE CA,123.3,18,38.297412,-119.74128700000001,CA,,Non-ref,WestMnts
7864,11292500.0,CLARK FORK STANISLAUS R NR DARDANELLE CA,174.8,18,38.363801,-119.871292,CA,,Ref,WestMnts
7865,11292700.0,MF STANISLAUS R A HELLS HALF ACRE BRIDGE CA,737.4,18,38.24686,-120.031852,CA,,Non-ref,WestMnts
7866,11292900.0,MF STANISLAUS R BL BEARDSLEY DAM CA,813.5,18,38.193251000000004,-120.099076,CA,,Non-ref,WestMnts
7867,11293372.0,NF STANISLAUS R BL UTICA RES NR BEAR VALLEY CA,42.4,18,38.441109999999995,-120.00278,CA,,Non-ref,WestMnts
7868,11293462.0,SILVER C BL LK ALPINE NR BEAR VALLEY CA,13.4,18,38.47083,-120.005,CA,,Non-ref,WestMnts
7869,11293500.0,NF STANISLAUS R BL SILVER C CA,73.5,18,38.439356,-120.01574099999999,CA,,Non-ref,WestMnts
7870,11293600.0,NF STANISLAUS R BL DIV DAM NR BIG MDW CA,74.1,18,38.434356,-120.01879699999999,CA,,Non-ref,WestMnts
7871,11294000.0,HIGHLAND C BL SPICER MEADOWS RES CA,119.0,18,38.392967999999996,-119.999074,CA,,Non-ref,WestMnts
7872,11294500.0,NF STANISLAUS R NR AVERY CA,427.8,18,38.245751,-120.28991699999999,CA,,Non-ref,WestMnts
7873,11295230.0,BEAVER CR BEL DIV DAM NR ARNOLD CA,76.4,18,38.23297,-120.28047,CA,,Non-ref,WestMnts
7874,11295270.0,NF STANISLAUS R BL MCKAYS POINT DAM NR AVERY CA,430.3,18,38.2327,-120.29353,CA,,Non-ref,WestMnts
7875,11295300.0,NF STANISLAUS R BL BEAVER C NR HATHAWAY PINES CA,520.2,18,38.20714,-120.31714,CA,,Non-ref,WestMnts
7876,11295340.0,MILL C BL HUNTER RES A HATHAWAY PINES CA,33.4,18,38.19806,-120.36,CA,,Non-ref,WestMnts
7877,11295400.0,STANISLAUS R NR HATHAWAY PINES CA,1628.1,18,38.141309,-120.372974,CA,,Non-ref,WestMnts
7878,11296500.0,SF STANISLAUS R A STRAWBERRY CA,116.7,18,38.197417,-120.008518,CA,,Non-ref,WestMnts
7879,11297200.0,SF STANISLAUS R NR STRAWBERRY CA,125.3,18,38.1777,-120.04685,CA,,Non-ref,WestMnts
7880,11298000.0,SF STANISLAUS R NR LONG BARN CA,173.7,18,38.092421,-120.168244,CA,,Non-ref,WestMnts
7881,11298650.0,ANGELS C BL MURPHYS AFTERBAY NR MURPHYS CA,5.7,18,38.15139,-120.44028,CA,,Non-ref,WestMnts
7882,11298700.0,ANGELS C BL UTICA D DIV DAM NR MURPHYS CA,14.8,18,38.13075,-120.4852,CA,,Non-ref,WestMnts
7883,11299200.0,NEW MELONES PP BL NEW MELONES DAM NR SONORA CA,2341.6,18,37.946314,-120.528255,CA,,Non-ref,WestMnts
7884,11299600.0,BLACK C NR COPPEROPOLIS CA,37.3,18,37.961036,-120.61520300000001,CA,yes,Ref,WestXeric
7885,11302000.0,STANISLAUS R BL GOODWIN DAM NR KNIGHTS FERRY CA,2539.6,18,37.851594,-120.63798200000001,CA,,Non-ref,WestMnts
7886,11303000.0,STANISLAUS R A RIPON CA,2864.9,18,37.729651000000004,-121.11049299999999,CA,,Non-ref,WestMnts
7887,11306000.0,SF CALAVERAS R NR SAN ANDREAS CA,305.7,18,38.144365,-120.66381899999999,CA,,Non-ref,WestXeric
7888,11308000.0,NF CALAVERAS R NR SAN ANDREAS CA,221.0,18,38.221307,-120.699377,CA,,Non-ref,WestMnts
7889,11308900.0,CALAVERAS R BL NEW HOGAN DAM NR VALLEY SPRINGS CA,964.6,18,38.147976,-120.82493600000001,CA,,Non-ref,WestXeric
7890,11309000.0,COSGROVE C NR VALLEY SPRINGS CA,54.5,18,38.153253,-120.836881,CA,,Non-ref,WestXeric
7891,11312000.0,BEAR C NR LOCKEFORD CA,122.0,18,38.152696999999996,-121.138833,CA,,Non-ref,WestXeric
7892,11313472.0,UP BLUE LK OUTLET NR MARKLEEVILLE CA,8.0,18,38.6263,-119.93713000000001,CA,,Non-ref,WestMnts
7893,11313477.0,LO BLUE LK OUTLET NR MARKLEEVILLE CA,12.4,18,38.60658,-119.92629,CA,,Non-ref,WestMnts
7894,11313485.0,MEADOW LK OUTLET NR MARKLEEVILLE CA,14.8,18,38.59796,-119.97878999999999,CA,,Non-ref,WestMnts
7895,11314500.0,NF MOKELUMNE R BL SALT SPRINGS DAM CA,441.0,18,38.493522999999996,-120.221027,CA,,Non-ref,WestMnts
7896,11315000.0,COLE C NR SALT SPRINGS DAM CA,54.0,18,38.519078,-120.21269299999999,CA,yes,Ref,WestMnts
7897,11315030.0,COLE C BL DIV DAM NR SALT SPRINGS DAM CA,56.1,18,38.51491,-120.21575,CA,,Non-ref,WestMnts
7898,11315900.0,BEAR R BL LO BEAR R DAM CA,96.6,18,38.5363,-120.25769,CA,,Non-ref,WestMnts
7899,11316000.0,BEAR R NR SALT SPRINGS DAM CA,123.2,18,38.493522999999996,-120.28936200000001,CA,,Non-ref,WestMnts
7900,11316100.0,BEAR R BL BEAR R DIV DAM CA,123.6,18,38.49241,-120.2902,CA,,Non-ref,WestMnts
7901,11316600.0,NF MOKELUMNE R AB TIGER C CA,862.3,18,38.446577000000005,-120.490202,CA,,Non-ref,WestMnts
7902,11316605.0,TIGER C BL REGULATOR RES NR PIONEER CA,20.6,18,38.47694,-120.45306000000001,CA,,Non-ref,WestMnts
7903,11316670.0,NF MOKELUMNE R BL TIGER C RES NR WEST PT CA,925.2,18,38.44019,-120.50493,CA,,Non-ref,WestMnts
7904,11316700.0,NF MOKELUMNE R BL ELECTR DIV DAM NR WEST PT CA,945.0,18,38.42074,-120.54993,CA,,Non-ref,WestMnts
7905,11316800.0,FOREST C NR WILSEYVILLE CA,54.5,18,38.403246,-120.446868,CA,,Non-ref,WestMnts
7906,11317000.0,MF MOKELUMNE R A WEST POINT CA,177.7,18,38.389634,-120.52659299999999,CA,,Non-ref,WestMnts
7907,11318500.0,SF MOKELUMNE R NR WEST POINT CA,194.2,18,38.368246,-120.545482,CA,,Non-ref,WestMnts
7908,11319500.0,MOKELUMNE R NR MOKELUMNE HILL CA,1419.0,18,38.312692999999996,-120.720211,CA,,Non-ref,WestMnts
7909,11323500.0,MOKELUMNE R BL CAMANCHE DAM CA,1626.5,18,38.220473,-121.03966499999999,CA,,Non-ref,WestMnts
7910,11325500.0,MOKELUMNE R A WOODBRIDGE CA,1709.4,18,38.158528999999994,-121.303559,CA,,Non-ref,WestMnts
7911,11327000.0,SUTTER C NR SUTTER CREEK CA,124.0,18,38.395745,-120.781324,CA,,Non-ref,WestMnts
7912,11329500.0,DRY C NR GALT CA,840.6,18,38.247971,-121.226891,CA,,Non-ref,WestXeric
7913,11333000.0,CAMP C NR SOMERSET CA,162.2,18,38.657127,-120.66381899999999,CA,,Non-ref,WestMnts
7914,11333500.0,NF COSUMNES R NR EL DORADO CA,532.2,18,38.588795000000005,-120.84493700000002,CA,,Non-ref,WestMnts
7915,11334300.0,SF COSUMNES R NR RIVER PINES CA,166.3,18,38.556851,-120.793268,CA,,Ref,WestMnts
7916,11335000.0,COSUMNES R A MICHIGAN BAR CA,1389.4,18,38.500186,-121.045221,CA,,Non-ref,WestMnts
7917,11335655.0,DEER C NR CAMERON PARK CA,44.9,18,38.62389,-120.99361,CA,,Non-ref,WestXeric
7918,11336000.0,COSUMNES R A MCCONNELL CA,1870.8,18,38.357968,-121.34383899999999,CA,,Non-ref,WestMnts
7919,11336580.0,MORRISON C NR SACRAMENTO CA,106.0,18,38.498518,-121.45273200000001,CA,,Non-ref,WestXeric
7920,11336585.0,LAGUNA C NR ELK GROVE CA,82.0,18,38.423243,-121.353284,CA,,Non-ref,WestXeric
7921,11337500.0,MARSH C NR BYRON CA,110.5,18,37.873258,-121.727175,CA,,Ref,WestXeric
7922,11337600.0,MARSH C A BRENTWOOD CA,178.5,18,37.9627,-121.68745,CA,,Non-ref,WestXeric
7925,11341400.0,SACRAMENTO R NR MT SHASTA CA,343.9,18,41.266542,-122.311677,CA,,Non-ref,WestMnts
7926,11342000.0,SACRAMENTO R A DELTA CA,1099.3,18,40.939594,-122.417235,CA,,Non-ref,WestMnts
7927,11345500.0,SF PIT R NR LIKELY CA,672.2,18,41.230729,-120.437173,CA,,Non-ref,WestMnts
7928,11348500.0,PIT R NR CANBY CA,3884.1,18,41.406001,-120.927746,CA,,Non-ref,WestMnts
7929,11350500.0,ASH C A ADIN CA,669.4,18,41.198223999999996,-120.943301,CA,,Non-ref,WestMnts
7930,11352000.0,PIT R NR BIEBER CA,6311.1,18,41.015166,-121.15469399999999,CA,,Non-ref,WestMnts
7931,11355010.0,PIT R BL PIT NO 1 PH NR FALL RIVER MILLS CA,9692.3,18,40.983218,-121.511927,CA,,Non-ref,WestMnts
7932,11355500.0,HAT C NR HAT CREEK CA,312.8,18,40.68655,-121.424699,CA,,Ref,WestMnts
7933,11358700.0,HAT C BL HAT NO 1 DIV DAM NR BURNEY CA,1482.7,18,40.91877,-121.55165,CA,,Non-ref,WestMnts
7934,11360500.0,BURNEY C A PARK AVENUE NR BURNEY CA,236.1,18,40.87627,-121.671377,CA,,Non-ref,WestMnts
7935,11362500.0,PIT R BL PIT NO 4 DAM CA,11996.1,18,40.973492,-121.779435,CA,,Non-ref,WestMnts
7936,11362950.0,EF NELSON C BL DIV TO NELSON C PP NR BIG BEND CA,21.6,18,41.04016,-121.87555,CA,,Non-ref,WestMnts
7937,11363000.0,PIT R A BIG BEND CA,12160.9,18,41.019324,-121.911107,CA,,Non-ref,WestMnts
7938,11363930.0,IRON CANYON C BL IRON CANYON DAM NR BIG BEND CA,29.3,18,41.039324,-121.985276,CA,,Non-ref,WestMnts
7939,11364200.0,ROARING C BLW DIV TO ROARING C PP NR MONTGMRY C CA,89.6,18,40.88932,-121.95083000000001,CA,,Non-ref,WestMnts
7940,11364300.0,HATCHET C BL DIV TO HATCHET C PP NR MNTGMRY C CA,79.7,18,40.87738,-121.86638,CA,,Ref,WestMnts
7941,11365000.0,PIT R NR MONTGOMERY CREEK CA,12787.6,18,40.843211,-122.01722099999999,CA,,Non-ref,WestMnts
7942,11367500.0,MCCLOUD R NR MCCLOUD CA,944.0,18,41.188213,-122.06555700000001,CA,,Non-ref,WestMnts
7943,11367760.0,MCCLOUD R BL MCCLOUD DAM NR MCCLOUD CA,1050.9,18,41.12516,-122.06861,CA,,Non-ref,WestMnts
7944,11367800.0,MCCLOUD R A AH-DI-NA NR MCCLOUD CA,1112.6,18,41.110712,-122.09611299999999,CA,,Non-ref,WestMnts
7945,11368000.0,MCCLOUD R AB SHASTA LK CA,1569.7,18,40.958208,-122.219728,CA,,Non-ref,WestMnts
7946,11370500.0,SACRAMENTO R A KESWICK CA,16721.3,18,40.600984000000004,-122.444455,CA,,Non-ref,WestMnts
7947,11371000.0,CLEAR C A FRENCH GULCH CA,298.4,18,40.69487,-122.636684,CA,,Ref,WestMnts
7948,11372000.0,CLEAR C NR IGO CA,589.9,18,40.513206,-122.52418,CA,,Non-ref,WestMnts
7949,11374000.0,COW C NR MILLVILLE CA,1096.2,18,40.505152,-122.23333500000001,CA,,Non-ref,WestXeric
7950,11375700.0,NF COTTONWOOD C NR IGO CA,228.4,18,40.442095,-122.55028999999999,CA,,Non-ref,WestXeric
7951,11376000.0,COTTONWOOD C NR COTTONWOOD CA,2312.5,18,40.387097999999995,-122.23861200000002,CA,,Non-ref,WestXeric
7952,11376025.0,NF BATTLE C BL MCCUMBER DAM NR MANZANITA LAKE CA,68.0,18,40.53738,-121.73248799999999,CA,,Non-ref,WestMnts
7953,11376040.0,NF BATTLE C BL DIV TO AL SMITH CN NR MANTON CA,189.3,18,40.51266,-121.78998999999999,CA,,Non-ref,WestMnts
7954,11376050.0,NF BATTLE C BL DIV TO KESWICK CN NR MANTON CA,191.8,18,40.49988,-121.80916,CA,,Non-ref,WestMnts
7955,11376140.0,NF BATTLE C BL DIV TO XCOUNTRY CN NR MANTON CA,367.7,18,40.45432,-121.86081999999999,CA,,Non-ref,WestMnts
7956,11376150.0,NF BATTLE C BL DIV TO EAGLE CY CN NR MANTON CA,486.2,18,40.423770000000005,-121.92027,CA,,Non-ref,WestMnts
7957,11376160.0,NF BATTLE C BL DIV TO WILDCAT CN NR MANTON CA,490.5,18,40.420429999999996,-121.9611,CA,,Non-ref,WestMnts
7958,11376420.0,SF BATTLE C BL DIV TO S CN NR MANTON CA,171.3,18,40.36877,-121.79776000000001,CA,,Non-ref,WestMnts
7959,11376440.0,SF BATTLE C BL DIV TO INSKIP CN NR MANTON CA,228.4,18,40.39516,-121.8836,CA,,Non-ref,WestMnts
7960,11376460.0,SF BATTLE C BL DIV TO COLEMAN CN NR MANTON CA,306.4,18,40.40266,-121.96833000000001,CA,,Non-ref,WestMnts
7961,11376550.0,BATTLE C BL COLEMAN FISH HATCHERY NR COTTONWOOD CA,935.5,18,40.39821,-122.146387,CA,,Non-ref,WestMnts
7962,11377100.0,SACRAMENTO R AB BEND BRIDGE NR RED BLUFF CA,23559.9,18,40.288488,-122.186664,CA,,Non-ref,WestMnts
7963,11378800.0,RED BANK C NR RED BLUFF CA,231.6,18,40.090154,-122.41361200000001,CA,,Non-ref,WestXeric
7964,11379000.0,ANTELOPE C NR RED BLUFF CA,319.0,18,40.203767,-122.11832700000001,CA,,Ref,WestXeric
7965,11379500.0,ELDER C NR PASKENTA CA,239.7,18,40.024598,-122.509724,CA,,Non-ref,WestXeric
7966,11380500.0,ELDER C A GERBER CA,357.2,18,40.051268,-122.165825,CA,,Non-ref,WestXeric
7967,11381500.0,MILL C NR LOS MOLINOS CA,337.6,18,40.054602,-122.02415400000001,CA,yes,Ref,WestMnts
7968,11382000.0,THOMES C A PASKENTA CA,528.6,18,39.887655,-122.52916599999999,CA,,Non-ref,WestMnts
7969,11383500.0,DEER C NR VINA CA,539.8,18,40.014047,-121.948318,CA,yes,Ref,WestMnts
7970,11383730.0,SACRAMENTO R A VINA BRIDGE NR VINA CA,29840.9,18,39.909325,-122.093042,CA,,Non-ref,WestMnts
7971,11383800.0,SACRAMENTO R NR HAMILTON CITY CA,32763.3,18,39.751549,-121.99553600000002,CA,,Non-ref,WestMnts
7972,11384000.0,BIG CHICO C NR CHICO CA,187.8,18,39.776272999999996,-121.75386599999999,CA,,Ref,WestMnts
7973,11388000.0,STONY C BL BLACK BUTTE DAM NR ORLAND CA,1921.4,18,39.818490000000004,-122.324991,CA,,Non-ref,WestXeric
7974,11388500.0,STONY C NR HAMILTON CITY CA,2009.5,18,39.723493,-122.047481,CA,,Non-ref,WestXeric
7975,11389000.0,SACRAMENTO R A BUTTE CITY CA,31681.0,18,39.457663000000004,-121.994142,CA,,Non-ref,WestMnts
7976,11389500.0,SACRAMENTO R A COLUSA CA,31751.8,18,39.214057000000004,-122.000251,CA,,Non-ref,WestMnts
7977,11389720.0,BUTTE C BL DIV DAM NR STIRLING CITY,158.5,18,39.98127,-121.58859,CA,,Non-ref,WestMnts
7978,11389740.0,BUTTE C BL FKS OF BUTTE DIV DAM NR DE SABLA CA,249.0,18,39.901270000000004,-121.62442,CA,,Non-ref,WestMnts
7979,11390000.0,BUTTE C NR CHICO CA,383.3,18,39.725995000000005,-121.70886399999999,CA,,Non-ref,WestMnts
7980,11390500.0,SACRAMENTO R BL WILKINS SLOUGH NR GRIMES CA,36187.8,18,39.009895,-121.82468999999999,CA,,Non-ref,WestMnts
7981,11390672.0,STONE CORRAL C NR SITES CA,99.5,18,39.288221,-122.30109099999999,CA,,Ref,WestXeric
7982,11391000.0,SACRAMENTO R A KNIGHTS LANDING CA,39992.6,18,38.802957,-121.716353,CA,,Non-ref,WestMnts
7983,11391400.0,L LAST CHANCE C BL FRENCHMAN DAM NR CHILCOOT CA,210.8,18,39.893237,-120.189095,CA,,Non-ref,WestMnts
7984,11391500.0,BIG GRIZZLY C AT GRIZZLY VALLEY DAM NR PORTOLA CA,112.8,18,39.883789,-120.47660400000001,CA,,Non-ref,WestMnts
7985,11392500.0,MF FEATHER R NR CLIO CA,1776.8,18,39.753788,-120.596051,CA,,Non-ref,WestMnts
7986,11394500.0,MF FEATHER R NR MERRIMAC CA,2750.7,18,39.708220000000004,-121.270518,CA,,Non-ref,WestMnts
7987,11395030.0,SF FEATHER R BL LITTLE GRASS VALLEY DAM CA,67.2,18,39.723781,-121.022178,CA,,Non-ref,WestMnts
7988,11395200.0,SF FEATHER R BL DIV DAM NR STRAWBERRY VALLEY CA,97.7,18,39.64739,-121.118847,CA,,Non-ref,WestMnts
7989,11396000.0,LOST C NR CLIPPER MILLS CA,77.7,18,39.573501,-121.141625,CA,,Non-ref,WestMnts
7990,11396200.0,SF FEATHER R BL FORBESTOWN DAM CA,226.6,18,39.551277,-121.209405,CA,,Non-ref,WestMnts
7991,11396350.0,SF FEATHER R A PONDEROSA DAM CA,278.4,18,39.547665,-121.30413,CA,,Non-ref,WestMnts
7992,11396400.0,SUCKER RUN NR FORBESTOWN CA,48.8,18,39.553221,-121.30218500000001,CA,,Non-ref,WestMnts
7993,11399500.0,NF FEATHER R NR PRATTVILLE CA,1284.8,18,40.168221,-121.09301599999999,CA,,Non-ref,WestMnts
7994,11400500.0,BUTT C BL ALMANOR-BUTT C TU NR PRATTVILLE CA,168.2,18,40.187108,-121.188019,CA,,Non-ref,WestMnts
7995,11401112.0,NF FEATHER R BL BELDEN DAM CA,1582.3,18,40.071276,-121.16468400000001,CA,,Non-ref,WestMnts
7996,11401165.0,SB WARD C BL DIV DAM NR GENESEE CA,17.7,18,40.00184,-120.70299999999999,CA,,Non-ref,WestMnts
7997,11401200.0,INDIAN C NR TAYLORSVILLE CA,1366.5,18,40.047948,-120.818008,CA,,Non-ref,WestMnts
7998,11401500.0,INDIAN C NR CRESCENT MILLS CA,1914.4,18,40.077946999999995,-120.92801100000001,CA,,Non-ref,WestMnts
7999,11402000.0,SPANISH C AB BLACKHAWK C AT KEDDIE CA,475.0,18,40.002947,-120.954399,CA,,Non-ref,WestMnts
8000,11403000.0,EB OF NF FEATHER R NR RICH BAR CA,2659.7,18,40.010442,-121.218575,CA,,Non-ref,WestMnts
8001,11403200.0,NF FEATHER R BL ROCK C DIV DAM CA,4680.4,18,39.980163,-121.27691000000002,CA,,Non-ref,WestMnts
8002,11403530.0,BUCKS C BL DIV DAM NR BUCKS LODGE CA,80.4,18,39.90433,-121.2308,CA,,Non-ref,WestMnts
8003,11403800.0,ROCK C PH NR STORRIE CA,4862.7,18,39.905440999999996,-121.345244,CA,,Non-ref,WestMnts
8004,11404300.0,GRIZZLY C BL DIV DAM CA,38.3,18,39.891275,-121.29413100000001,CA,,Non-ref,WestMnts
8005,11404330.0,NF FEATHER R BL GRIZZLY C CA,5052.0,18,39.852385,-121.392467,CA,,Non-ref,WestMnts
8006,11404500.0,NF FEATHER R A PULGA CA,5148.7,18,39.794329,-121.45163500000001,CA,,Non-ref,WestMnts
8007,11405120.0,PHILBROOK C BL PHILBROOK DAM NR BUTTE MEADOWS CA,13.1,18,40.02988,-121.47775,CA,,Non-ref,WestMnts
8008,11405200.0,WB FEATHER R BL HENDRICKS DIV DAM CA,118.8,18,39.93405,-121.52968999999999,CA,,Non-ref,WestMnts
8009,11405300.0,WB FEATHER R NR PARADISE CA,291.1,18,39.78655,-121.56275,CA,,Non-ref,WestMnts
8010,11406999.0,FEATHER R A OROVILLE R ONLY CA,16624.7,18,39.520164,-121.547748,CA,,Non-ref,WestMnts
8011,11407000.0,FEATHER R A OROVILLE CA,9380.4,18,39.521553000000004,-121.547748,CA,,Non-ref,WestMnts
8012,11407150.0,FEATHER R NR GRIDLEY CA,9591.5,18,39.366555,-121.64719299999999,CA,,Non-ref,WestMnts
8013,11407300.0,N HONCUT C NR BANGOR CA,122.1,18,39.342112,-121.491355,CA,,Non-ref,WestXeric
8014,11407500.0,S HONCUT C NR BANGOR CA,79.2,18,39.367668,-121.37218600000001,CA,,Non-ref,WestXeric
8015,11407900.0,M YUBA R BL JACKSON MDWS DAM NR SIERRA CITY CA,99.0,18,39.516011999999996,-120.56215700000001,CA,,Non-ref,WestMnts
8016,11408500.0,M YUBA R A MILTON CA,102.8,18,39.522678000000006,-120.58243600000002,CA,,Non-ref,WestMnts
8017,11408550.0,M YUBA R BL MILTON DAM CA,103.2,18,39.521845,-120.583547,CA,,Non-ref,WestMnts
8018,11408850.0,M YUBA R NR CAMPTONVILLE CA,350.4,18,39.416838,-120.952727,CA,,Non-ref,WestMnts
8019,11408880.0,M YUBA R BL OUR HOUSE DAM CA,374.3,18,39.411559999999994,-120.998007,CA,,Non-ref,WestMnts
8020,11409000.0,M YUBA R AB OREGON C NR NORTH SAN JUAN CA,418.3,18,39.392948,-121.081621,CA,,Non-ref,WestMnts
8021,11409300.0,OREGON C A CAMPTONVILLE CA,59.7,18,39.446003000000005,-121.046343,CA,,Ref,WestMnts
8022,11409400.0,OREGON C BL LOG CABIN DAM NR CAMPTONVILLE CA,75.2,18,39.439336,-121.05912099999999,CA,,Non-ref,WestMnts
8023,11409500.0,OREGON C NR NORTH SAN JUAN CA,89.5,18,39.40267,-121.077454,CA,,Ref,WestMnts
8024,11413000.0,N YUBA R BL GOODYEARS BAR CA,647.7,18,39.524894,-120.93800700000001,CA,,Non-ref,WestMnts
8025,11413300.0,SLATE C BL DIV DAM NR STRAWBERRY CA,127.8,18,39.614336,-121.052178,CA,,Non-ref,WestMnts
8026,11413320.0,DEADWOOD C NR STRAWBERRY VALLEY CA,8.2,18,39.549890000000005,-121.0944,CA,,Ref,WestMnts
8027,11413323.0,OWL GULCH NR STRAWBERRY VALLEY CA,5.4,18,39.54545,-121.09523,CA,,Ref,WestMnts
8028,11413520.0,N YUBA R BL NEW BULLARDS BAR DAM NR N SAN JUAN CA,1268.3,18,39.379892,-121.139678,CA,,Non-ref,WestMnts
8029,11414000.0,S YUBA R NR CISCO CA,139.4,18,39.321290999999995,-120.564375,CA,,Non-ref,WestMnts
8030,11414100.0,FORDYCE C BL FORDYCE DAM NR CISCO CA,81.9,18,39.379903000000006,-120.499374,CA,,Non-ref,WestMnts
8031,11414250.0,S YUBA R A LANGS CROSSING NR EMIGRANT GAP CA,315.1,18,39.318512,-120.65771200000002,CA,,Non-ref,WestMnts
8032,11414700.0,JACKSON C BL JACKSON LK CA,1.8,18,39.464620000000004,-120.56381999999999,CA,,Non-ref,WestMnts
8033,11416500.0,CANYON C BL BOWMAN LK CA,74.4,18,39.439622,-120.661882,CA,,Non-ref,WestMnts
8034,11417000.0,S YUBA R NR WASHINGTON CA,519.8,18,39.360454,-120.771606,CA,,Non-ref,WestMnts
8035,11417500.0,S YUBA R A JONES BAR NR GRASS VALLEY CA,820.4,18,39.292115,-121.104675,CA,,Non-ref,WestMnts
8036,11418000.0,YUBA R BL ENGLEBRIGHT DAM NR SMARTVILLE CA,2874.4,18,39.235171,-121.274126,CA,,Non-ref,WestMnts
8037,11418500.0,DEER C NR SMARTVILLE CA,218.8,18,39.224338,-121.26857,CA,,Non-ref,WestMnts
8038,11421000.0,YUBA R NR MARYSVILLE CA,3474.9,18,39.175725,-121.524965,CA,,Non-ref,WestMnts
8039,11421770.0,BEAR R BL DRUM AFTERBAY NR BLUE CANYON CA,31.2,18,39.254344,-120.77493700000001,CA,,Non-ref,WestMnts
8040,11421790.0,BEAR R BL DUTCH FLAT AFTERBAY NR DUTCH FLAT CA,55.6,18,39.213509,-120.84521699999999,CA,,Non-ref,WestMnts
8041,11422500.0,BEAR R BL ROLLINS DAM NR COLFAX CA,270.1,18,39.131840999999994,-120.95938799999999,CA,,Non-ref,WestMnts
8042,11424000.0,BEAR R NR WHEATLAND CA,756.7,18,39.000173,-121.406902,CA,,Non-ref,WestMnts
8043,11425000.0,FEATHER R NR NICOLAUS,15253.1,18,38.890453,-121.60440600000001,CA,,Non-ref,WestMnts
8044,11426150.0,ONION C NR SODA SPRINGS CA,9.3,18,39.267127,-120.364923,CA,,Ref,WestMnts
8045,11426200.0,NF FORBES C NR DUTCH FLAT CA,4.3,18,39.143511,-120.759378,CA,,Non-ref,WestMnts
8046,11426400.0,N SHIRTTAIL C NR DUTCH FLAT CA,23.5,18,39.130177,-120.79660200000001,CA,,Non-ref,WestMnts
8047,11427000.0,NF AMERICAN R A NORTH FORK DAM CA,883.1,18,38.936009000000006,-121.02383300000001,CA,,Non-ref,WestMnts
8048,11427500.0,MF AMERICAN R A FRENCH MEADOWS CA,124.3,18,39.109627,-120.48131299999999,CA,,Non-ref,WestMnts
8049,11427700.0,DUNCAN CYN C NR FRENCH MEADOWS CA,25.5,18,39.135738,-120.47853500000001,CA,yes,Ref,WestMnts
8050,11427750.0,DUNCAN CYN C BL DIV DAM NR FRENCH MEADOWS CA,27.2,18,39.13296,-120.48381299999998,CA,,Non-ref,WestMnts
8051,11427760.0,MF AMERICAN R AB MF PH NR FORESTHILL CA,227.5,18,39.025180999999996,-120.595481,CA,,Non-ref,WestMnts
8052,11427770.0,MF AMERICAN R BL INTERBAY DAM NR FORESTHILL CA,230.8,18,39.026292,-120.60353700000002,CA,,Non-ref,WestMnts
8053,11427960.0,RUBICON R BL RUBICON LK CA,68.4,18,38.9888,-120.22325,CA,,Non-ref,WestMnts
8054,11428000.0,RUBICON R A RUBICON SPRINGS NR MEEKS BAY CA,91.3,18,39.019352000000005,-120.24713600000001,CA,,Non-ref,WestMnts
8055,11428400.0,L RUBICON R BL BUCK ISLAND DAM CA,13.5,18,39.004909999999995,-120.2563,CA,,Non-ref,WestMnts
8056,11428800.0,RUBICON R BL HELL HOLE DAM CA,293.8,18,39.056571999999996,-120.407976,CA,,Non-ref,WestMnts
8057,11429500.0,GERLE C BL LOON LK NR MEEKS BAY CA,14.6,18,39.005462,-120.315471,CA,,Non-ref,WestMnts
8058,11430000.0,SF RUBICON R BL GERLE C NR GEORGETOWN CA,126.5,18,38.954628,-120.40158600000001,CA,,Non-ref,WestMnts
8059,11431800.0,PILOT C AB STUMPY MEADOWS RES CA,30.0,18,38.894626,-120.56825900000001,CA,,Ref,WestMnts
8060,11433040.0,PILOT C BL MUTTON CANYON NR GEORGETOWN CA,54.4,18,38.923513,-120.64187199999999,CA,,Non-ref,WestMnts
8061,11433100.0,LONG CANYON C NR FRENCH MEADOWS CA,45.9,18,39.021015999999996,-120.51575700000001,CA,,Non-ref,WestMnts
8062,11433200.0,RUBICON R NR FORESTHILL CA,814.8,18,38.9924,-120.721595,CA,,Non-ref,WestMnts
8063,11433260.0,NF OF MF AMERICAN R NR FORESTHILL CA,229.7,18,39.024066999999995,-120.71853999999999,CA,,Ref,WestMnts
8064,11433300.0,MF AMERICAN R NR FORESTHILL CA,1350.3,18,39.006289,-120.762152,CA,,Non-ref,WestMnts
8065,11433500.0,MF AMERICAN R NR AUBURN CA,1590.9,18,38.917953999999995,-121.015222,CA,,Non-ref,WestMnts
8066,11435100.0,PYRAMID C A TWIN BRIDGES CA,22.8,18,38.815740999999996,-120.117131,CA,,Non-ref,WestMnts
8067,11436000.0,SILVER LK OUTLET NR KIRKWOOD CA,39.0,18,38.671298,-120.12268799999998,CA,,Non-ref,WestMnts
8068,11439500.0,SF AMERICAN R NR KYBURZ(RIVER ONLY) CA,499.7,18,38.763518,-120.328528,CA,,Non-ref,WestMnts
8069,11440000.0,ALDER C NR WHITEHALL  TOTAL FLOW CA,57.1,18,38.755184,-120.372418,CA,,Non-ref,WestMnts
8070,11441002.0,UNION VALLEY PH NR PACIFIC CA,216.5,18,38.864627,-120.44381000000001,CA,,Non-ref,WestMnts
8071,11441500.0,SF SILVER C NR ICE HOUSE CA,71.5,18,38.818795,-120.365196,CA,,Non-ref,WestMnts
8072,11441800.0,SILVER C BL JUNCTION DAM NR POLLOCK PINES CA,368.2,18,38.852129999999995,-120.45714,CA,,Non-ref,WestMnts
8073,11441900.0,SILVER C BL CAMINO DIV DAM CA,441.7,18,38.823793,-120.539369,CA,,Non-ref,WestMnts
8074,11442500.0,SF AMERICAN R BL SILVER C NR POLLOCK PINES CA,1162.6,18,38.793514,-120.618261,CA,,Non-ref,WestMnts
8075,11442700.0,BRUSH C BL BRUSH CREEK DAM NR POLLOCK PINES CA,20.7,18,38.811292,-120.62326100000001,CA,,Non-ref,WestMnts
8076,11443500.0,SF AMERICAN R NR CAMINO CA,1276.7,18,38.772958,-120.701598,CA,,Non-ref,WestMnts
8077,11444201.0,ROCK C NR PLACERVILLE CA,189.0,18,38.794346999999995,-120.775489,CA,,Non-ref,WestMnts
8078,11444500.0,SF AMERICAN R NR PLACERVILLE CA,1547.2,18,38.771013,-120.816324,CA,,Non-ref,WestMnts
8079,11445500.0,SF AMERICAN R NR LOTUS CA,1743.6,18,38.818512,-120.94688500000001,CA,,Non-ref,WestMnts
8080,11446500.0,AMERICAN R A FAIR OAKS CA,4984.4,18,38.635459999999995,-121.227726,CA,,Non-ref,WestMnts
8081,11447293.0,DRY C A VERNON ST BRIDGE A ROSEVILLE CA,204.3,18,38.73324,-121.3019,CA,,Non-ref,WestXeric
8082,11447360.0,ARCADE C NR DEL PASO HEIGHTS CA,81.5,18,38.641847999999996,-121.38273000000001,CA,,Non-ref,WestXeric
8083,11448500.0,ADOBE C NR KELSEYVILLE CA,16.3,18,38.926844,-122.88082800000001,CA,,Non-ref,WestXeric
8084,11449100.0,SCOTTS C NR LAKEPORT CA,146.0,18,39.095449,-122.96166399999998,CA,,Non-ref,WestXeric
8085,11449500.0,KELSEY C NR KELSEYVILLE CA,95.3,18,38.9274,-122.84360500000001,CA,,Ref,WestXeric
8086,11451000.0,CACHE C NR LOWER LAKE CA,1364.3,18,38.924065,-122.56581499999999,CA,,Non-ref,WestXeric
8087,11451100.0,NF CACHE C A HOUGH SPRING NR CLEARLAKE OAKS CA,155.1,18,39.165446,-122.61998600000001,CA,yes,Ref,WestXeric
8088,11451300.0,NF CACHE C NR CLEARLAKE OAKS CA,311.7,18,39.080449,-122.53636999999999,CA,,Non-ref,WestXeric
8089,11451500.0,NF CACHE C NR LOWER LAKE CA,513.8,18,39.019062,-122.56886999999999,CA,,Non-ref,WestXeric
8090,11451715.0,BEAR C AB HOLSTEN CHIMNEY CYN NR RUMSEY CA,247.9,18,38.957674,-122.342754,CA,,Non-ref,WestXeric
8091,11451720.0,BEAR C NR RUMSEY CA,245.9,18,38.944064000000004,-122.344698,CA,,Non-ref,WestXeric
8092,11452000.0,CACHE C NR CAPAY CA,2697.0,18,38.728792,-122.10525,CA,,Non-ref,WestXeric
8093,11452500.0,CACHE C A YOLO CA,3011.4,18,38.725182000000004,-121.80718700000001,CA,,Non-ref,WestXeric
8094,11453500.0,PUTAH C NR GUENOC CA,293.4,18,38.778791,-122.517481,CA,,Non-ref,WestXeric
8095,11454000.0,PUTAH C NR WINTERS CA,1491.1,18,38.515184999999995,-122.08191599999999,CA,,Non-ref,WestXeric
8096,11456000.0,NAPA RIVER NEAR ST. HELENA CALIF,212.3,18,38.511297,-122.45581299999999,CA,,Non-ref,WestXeric
8097,11458000.0,NAPA R NR NAPA CA,566.3,18,38.368246,-122.30330900000001,CA,,Non-ref,WestXeric
8098,11458433.0,SONOMA CREEK A KENWOOD CA,36.9,18,38.4188,-122.56276100000001,CA,,Non-ref,WestXeric
8099,11458500.0,SONOMA C A AGUA CALIENTE CA,150.4,18,38.323246999999995,-122.494426,CA,,Non-ref,WestXeric
8100,11459500.0,NOVATO C A NOVATO CA,46.5,18,38.107698,-122.579981,CA,,Non-ref,WestXeric
8101,11460000.0,CORTE MADERA C A ROSS CA,47.3,18,37.962424,-122.55664399999999,CA,,Non-ref,WestXeric
8102,11460400.0,LAGUNITAS C A SP TAYLOR STATE PK CA,88.9,18,38.026866999999996,-122.736377,CA,,Non-ref,WestXeric
8103,11460600.0,LAGUNITAS C NR PT REYES STATION CA,211.6,18,38.0802,-122.78443500000002,CA,,Non-ref,WestXeric
8104,11460750.0,WALKER C NR MARSHALL CA,81.0,18,38.175753,-122.818325,CA,,Non-ref,WestXeric
8105,11460800.0,WALKER C NR TOMALES CA,104.2,18,38.209641,-122.860827,CA,,Non-ref,WestXeric
8106,11461000.0,RUSSIAN R NR UKIAH CA,259.6,18,39.195446999999994,-123.19500500000001,CA,,Non-ref,WestMnts
8107,11461500.0,EF RUSSIAN R NR CALPELLA CA,238.7,18,39.246556,-123.13028100000001,CA,,Non-ref,WestXeric
8108,11462000.0,EF RUSSIAN R NR UKIAH CA,271.8,18,39.197390999999996,-123.187505,CA,,Non-ref,WestXeric
8109,11462500.0,RUSSIAN R NR HOPLAND CA,938.7,18,39.026563,-123.130559,CA,,Non-ref,WestXeric
8110,11463000.0,RUSSIAN R NR CLOVERDALE CA,1302.7,18,38.879348,-123.05361200000002,CA,,Non-ref,WestXeric
8111,11463170.0,BIG SULPHUR C A G RESORT NR CLOVERDALE CA,33.9,18,38.797683,-122.802493,CA,,Non-ref,WestXeric
8112,11463200.0,BIG SULPHUR C NR CLOVERDALE CA,220.9,18,38.826017,-122.996944,CA,,Non-ref,WestXeric
8113,11463900.0,MAACAMA C NR KELLOGG CA,114.1,18,38.640186,-122.763601,CA,,Non-ref,WestXeric
8114,11463980.0,RUSSIAN R A DIGGER BEND NR HEALDSBURG CA,2050.3,18,38.632965000000006,-122.855549,CA,,Non-ref,WestXeric
8115,11464000.0,RUSSIAN R NR HEALDSBURG CA,2056.3,18,38.613243,-122.836382,CA,,Non-ref,WestXeric
8116,11464500.0,DRY C NR CLOVERDALE CA,227.6,18,38.749632,-123.092225,CA,,Ref,WestXeric
8117,11465000.0,DRY C BL WARM SPGS DAM NR GEYSERVILLE CA,338.0,18,38.719632,-123.000556,CA,,Non-ref,WestXeric
8118,11465200.0,DRY C NR GEYSERVILLE CA,421.6,18,38.698521,-122.958054,CA,,Non-ref,WestXeric
8119,11465350.0,DRY C NR MOUTH NR HEALDSBURG CA,559.8,18,38.58741,-122.86221599999999,CA,,Non-ref,WestXeric
8120,11465660.0,COPELAND C A ROHNERT PARK CA,14.2,18,38.34325,-122.70193,CA,,Non-ref,WestXeric
8121,11465680.0,LAGUNA DE SANTA ROSA A STONY PT RD NR COTATI CA,107.3,18,38.352137,-122.744155,CA,,Non-ref,WestXeric
8122,11465690.0,COLGAN C NR SANTA ROSA CA,8.7,18,38.40214,-122.73303999999999,CA,,Non-ref,WestXeric
8123,11465700.0,COLGAN C NR SEBASTOPOL CA,17.9,18,38.373525,-122.768323,CA,,Non-ref,WestXeric
8124,11465750.0,LAGUNA DE SANTA ROSA C NR SEBASTOPOL CA,209.2,18,38.425469,-122.829158,CA,,Non-ref,WestXeric
8125,11466065.0,BRUSH C A SANTA ROSA CA,26.9,18,38.454910999999996,-122.680264,CA,,Non-ref,WestXeric
8126,11466170.0,MATANZAS C A SANTA ROSA CA,56.0,18,38.4388,-122.70249,CA,,Non-ref,WestXeric
8127,11466200.0,SANTA ROSA C A SANTA ROSA CA,144.8,18,38.436578999999995,-122.72471000000002,CA,,Non-ref,WestXeric
8128,11466320.0,SANTA ROSA C A WILLOWSIDE RD NR SANTA ROSA CA,199.4,18,38.445190000000004,-122.80721299999999,CA,,Non-ref,WestXeric
8129,11466800.0,MARK WEST C NR MIRABEL HEIGHTS CA,652.2,18,38.494078,-122.853326,CA,,Non-ref,WestXeric
8130,11467000.0,RUSSIAN R NR GUERNEVILLE CA,3465.2,18,38.508523,-122.927774,CA,,Non-ref,WestXeric
8131,11467200.0,AUSTIN C NR CAZADERO CA,162.6,18,38.50658,-123.069724,CA,,Ref,WestMnts
8132,11467500.0,SF GUALALA R NR ANNAPOLIS CA,417.6,18,38.704912,-123.423064,CA,,Ref,WestMnts
8133,11467510.0,SF GUALALA R NR THE SEA RANCH CA,418.4,18,38.709078999999996,-123.426675,CA,,Non-ref,WestMnts
8134,11467600.0,GARCIA R NR POINT ARENA CA,254.0,18,38.926296,-123.630293,CA,,Ref,WestMnts
8135,11468000.0,NAVARRO R NR NAVARRO CA,785.9,18,39.172123,-123.669458,CA,,Ref,WestMnts
8136,11468500.0,NOYO R NR FORT BRAGG CA,273.5,18,39.428224,-123.737792,CA,yes,Ref,WestMnts
8137,11468900.0,MATTOLE R NR ETTERSBURG CA,183.7,18,40.139309000000004,-123.991423,CA,,Ref,WestMnts
8138,11469000.0,MATTOLE R NR PETROLIA CA,622.9,18,40.313190999999996,-124.28365900000001,CA,,Non-ref,WestMnts
8139,11470500.0,EEL R BL SCOTT DAM NR POTTER VALLEY CA,750.2,18,39.407939,-122.97138999999999,CA,,Non-ref,WestMnts
8140,11471500.0,EEL R A VAN ARSDALE DAM NR POTTER VALLEY CA,904.2,18,39.388496,-123.11611599999999,CA,,Non-ref,WestMnts
8141,11472150.0,EEL R NR DOS RIOS CA,1368.6,18,39.62488,-123.341402,CA,,Non-ref,WestMnts
8142,11472160.0,WILLITS C AB LK EMILY NR WILLITS CA,9.6,18,39.449329,-123.398067,CA,,Ref,WestMnts
8143,11472200.0,OUTLET C NR LONGVALE CA,419.3,18,39.617934999999996,-123.35668000000001,CA,,Non-ref,WestMnts
8144,11472900.0,BLACK BUTTE R NR COVELO CA,418.8,18,39.82071,-123.080564,CA,,Ref,WestMnts
8145,11473900.0,MF EEL R NR DOS RIOS CA,1925.0,18,39.706267,-123.32529099999999,CA,yes,Ref,WestMnts
8146,11474500.0,NF EEL R NR MINA CA,649.6,18,39.937374,-123.34696299999999,CA,,Ref,WestMnts
8147,11475000.0,EEL R A FORT SEWARD CA,5456.9,18,40.2182,-123.63253,CA,,Non-ref,WestMnts
8148,11475500.0,SF EEL R NR BRANSCOMB CA,113.8,18,39.719045,-123.652796,CA,,Ref,WestMnts
8149,11475560.0,ELDER C NR BRANSCOMB CA,16.8,18,39.7296,-123.64390700000001,CA,yes,Ref,WestMnts
8150,11475610.0,CAHTO C NR LAYTONVILLE CA,13.4,18,39.671545,-123.49835,CA,,Non-ref,WestMnts
8151,11475800.0,SF EEL RIVER AT LEGGETT CALIF,642.1,18,39.874596000000004,-123.720578,CA,,Ref,WestMnts
8152,11476500.0,SF EEL R NR MIRANDA CA,1390.2,18,40.18181,-123.77614299999999,CA,,Non-ref,WestMnts
8153,11476600.0,BULL C NR WEOTT CA,71.8,18,40.35125,-124.00393100000001,CA,yes,Ref,WestMnts
8154,11477000.0,EEL R A SCOTIA CA,8062.4,18,40.491524,-124.09976999999999,CA,,Non-ref,WestMnts
8155,11478500.0,VAN DUZEN R NR BRIDGEVILLE CA,572.4,18,40.480416,-123.890876,CA,yes,Ref,WestMnts
8156,11480390.0,MAD R AB RUTH RES NR FOREST GLEN CA,242.6,18,40.284313,-123.335303,CA,yes,Ref,WestMnts
8157,11480410.0,MAD R BL RUTH RES NR FOREST GLEN CA,313.0,18,40.370978,-123.43614099999999,CA,,Non-ref,WestMnts
8158,11480500.0,MAD R NR FOREST GLEN CA,369.0,18,40.458199,-123.51086699999999,CA,,Non-ref,WestMnts
8159,11481000.0,MAD R NR ARCATA CA,1257.4,18,40.909572,-124.060896,CA,,Non-ref,WestMnts
8160,11481200.0,LITTLE R NR TRINIDAD CA,105.4,18,41.010959,-124.08173300000001,CA,yes,Ref,WestMnts
8161,11481500.0,REDWOOD C NR BLUE LAKE CA,175.1,18,40.905965,-123.815335,CA,,Ref,WestMnts
8162,11482500.0,REDWOOD C A ORICK CA,718.0,18,41.29929,-124.05118200000001,CA,yes,Ref,WestMnts
8163,11489500.0,ANTELOPE C NR TENNANT CA,40.3,18,41.546544,-121.91833700000001,CA,,Ref,WestMnts
8172,11516530.0,KLAMATH R BL IRON GATE DAM CA,21541.2,18,41.927919,-122.44418799999998,CA,,Non-ref,WestMnts
8173,11516900.0,LITTLE SHASTA R NR MONTAGUE CA,121.4,18,41.752924,-122.300572,CA,,Ref,WestMnts
8174,11517000.0,SHASTA R NR  MONTAGUE CA,1726.0,18,41.709032,-122.53807900000001,CA,,Non-ref,WestMnts
8175,11517500.0,SHASTA R NR YREKA CA,2047.3,18,41.822918,-122.59558100000001,CA,,Non-ref,WestMnts
8176,11519500.0,SCOTT R NR FORT JONES CA,1713.6,18,41.64069,-123.015037,CA,,Non-ref,WestMnts
8177,11520500.0,KLAMATH R NR SEIAD VALLEY CA,27502.8,18,41.853738,-123.23227299999999,CA,,Non-ref,WestMnts
8178,11521500.0,INDIAN C NR HAPPY CAMP CA,309.7,18,41.835122999999996,-123.38311100000001,CA,,Non-ref,WestMnts
8179,11522500.0,SALMON R A SOMES BAR CA,1943.1,18,41.377627000000004,-123.477558,CA,yes,Ref,WestMnts
8180,11523000.0,KLAMATH R A ORLEANS,31496.0,18,41.30346,-123.534504,CA,,Non-ref,WestMnts
8181,11523200.0,TRINITY R AB COFFEE C NR TRINITY CTR CA,382.9,18,41.111257,-122.705579,CA,yes,Ref,WestMnts
8182,11525500.0,TRINITY R A LEWISTON CA,1861.7,18,40.719312,-122.803634,CA,,Non-ref,WestMnts
8183,11525530.0,RUSH C NR LEWISTON CA,58.2,18,40.72459,-122.834746,CA,,Ref,WestMnts
8184,11525600.0,GRASS VALLEY C A FAWN LODGE NR LEWISTON CA,80.2,18,40.676257,-122.830578,CA,,Non-ref,WestMnts
8185,11525630.0,GRASS VALLEY C NR LEWISTON CA,94.9,18,40.686535,-122.861135,CA,,Non-ref,WestMnts
8186,11525655.0,TRINITY R BL LIMEKILN GULCH NR DOUGLAS CITY CA,2099.8,18,40.672645,-122.920581,CA,,Non-ref,WestMnts
8187,11525670.0,INDIAN C NR DOUGLAS CITY CA,86.9,18,40.651812,-122.914469,CA,,Ref,WestMnts
8188,11525854.0,TRINITY R A DOUGLAS CITY CA,2412.4,18,40.647090000000006,-122.955859,CA,,Non-ref,WestMnts
8189,11526250.0,TRINITY R A JUNCTION CITY CA,2742.3,18,40.728477000000005,-123.06197399999999,CA,,Non-ref,WestMnts
8190,11526400.0,TRINITY R AB NF TRINITY R NR HELENA CA,2942.9,18,40.766531,-123.114476,CA,,Non-ref,WestMnts
8191,11526500.0,NF TRINITY R A HELENA CA,391.9,18,40.781809,-123.12836499999999,CA,,Ref,WestMnts
8192,11527000.0,TRINITY R NR BURNT RANCH CA,3727.0,18,40.78875,-123.44004,CA,,Non-ref,WestMnts
8193,11528500.0,HAYFORK C NR HYAMPOM CA,980.8,18,40.625975,-123.434758,CA,,Non-ref,WestMnts
8194,11528700.0,SF TRINITY R BL HYAMPOM CA,1980.1,18,40.649863,-123.49420500000001,CA,yes,Ref,WestMnts
8195,11530000.0,TRINITY R A HOOPA CA,7391.0,18,41.049852,-123.672001,CA,,Non-ref,WestMnts
8196,11530500.0,KLAMATH R NR KLAMATH CA,40911.6,18,41.510954,-123.97951599999999,CA,,Non-ref,WestMnts
8197,11532500.0,SMITH R NR CRESCENT CITY CA,1578.0,18,41.791503000000006,-124.07618899999999,CA,yes,Ref,WestMnts
